location,date,new_cases,new_deaths,people_fully_vaccinated_per_hundred
Italy,2020-01-31,2.0,0.0,
Italy,2020-02-01,0.0,0.0,
Italy,2020-02-02,0.0,0.0,
Italy,2020-02-03,0.0,0.0,
Italy,2020-02-04,0.0,0.0,
Italy,2020-02-05,0.0,0.0,
Italy,2020-02-06,0.0,0.0,
Italy,2020-02-07,1.0,0.0,
Italy,2020-02-08,0.0,0.0,
Italy,2020-02-09,0.0,0.0,
Italy,2020-02-10,0.0,0.0,
Italy,2020-02-11,0.0,0.0,
Italy,2020-02-12,0.0,0.0,
Italy,2020-02-13,0.0,0.0,
Italy,2020-02-14,0.0,0.0,
Italy,2020-02-15,0.0,0.0,
Italy,2020-02-16,0.0,0.0,
Italy,2020-02-17,0.0,0.0,
Italy,2020-02-18,0.0,0.0,
Italy,2020-02-19,0.0,0.0,
Italy,2020-02-20,0.0,0.0,
Italy,2020-02-21,17.0,1.0,
Italy,2020-02-22,42.0,1.0,
Italy,2020-02-23,93.0,1.0,
Italy,2020-02-24,74.0,4.0,
Italy,2020-02-25,93.0,3.0,
Italy,2020-02-26,131.0,2.0,
Italy,2020-02-27,202.0,5.0,
Italy,2020-02-28,233.0,4.0,
Italy,2020-02-29,240.0,8.0,
Italy,2020-03-01,566.0,5.0,
Italy,2020-03-02,342.0,18.0,
Italy,2020-03-03,466.0,27.0,
Italy,2020-03-04,587.0,28.0,
Italy,2020-03-05,769.0,41.0,
Italy,2020-03-06,778.0,49.0,
Italy,2020-03-07,1247.0,36.0,
Italy,2020-03-08,1492.0,133.0,
Italy,2020-03-09,1797.0,97.0,
Italy,2020-03-10,977.0,168.0,
Italy,2020-03-11,2313.0,196.0,
Italy,2020-03-12,2651.0,189.0,
Italy,2020-03-13,2547.0,250.0,
Italy,2020-03-14,3497.0,175.0,
Italy,2020-03-15,3590.0,368.0,
Italy,2020-03-16,3233.0,349.0,
Italy,2020-03-17,3526.0,345.0,
Italy,2020-03-18,4207.0,475.0,
Italy,2020-03-19,5322.0,427.0,
Italy,2020-03-20,5986.0,627.0,
Italy,2020-03-21,6557.0,793.0,
Italy,2020-03-22,5560.0,651.0,
Italy,2020-03-23,4789.0,601.0,
Italy,2020-03-24,5249.0,743.0,
Italy,2020-03-25,5210.0,683.0,
Italy,2020-03-26,6203.0,712.0,
Italy,2020-03-27,5909.0,919.0,
Italy,2020-03-28,5974.0,889.0,
Italy,2020-03-29,5217.0,756.0,
Italy,2020-03-30,4050.0,812.0,
Italy,2020-03-31,4053.0,837.0,
Italy,2020-04-01,4782.0,727.0,
Italy,2020-04-02,4668.0,760.0,
Italy,2020-04-03,4585.0,766.0,
Italy,2020-04-04,4805.0,681.0,
Italy,2020-04-05,4316.0,525.0,
Italy,2020-04-06,3599.0,636.0,
Italy,2020-04-07,3039.0,604.0,
Italy,2020-04-08,3836.0,542.0,
Italy,2020-04-09,4204.0,610.0,
Italy,2020-04-10,3951.0,570.0,
Italy,2020-04-11,4694.0,619.0,
Italy,2020-04-12,4092.0,431.0,
Italy,2020-04-13,3153.0,566.0,
Italy,2020-04-14,2972.0,602.0,
Italy,2020-04-15,2667.0,578.0,
Italy,2020-04-16,3786.0,525.0,
Italy,2020-04-17,3493.0,575.0,
Italy,2020-04-18,3491.0,482.0,
Italy,2020-04-19,3047.0,433.0,
Italy,2020-04-20,2256.0,454.0,
Italy,2020-04-21,2729.0,534.0,
Italy,2020-04-22,3370.0,437.0,
Italy,2020-04-23,2646.0,464.0,
Italy,2020-04-24,3021.0,420.0,
Italy,2020-04-25,2357.0,415.0,
Italy,2020-04-26,2324.0,260.0,
Italy,2020-04-27,1739.0,333.0,
Italy,2020-04-28,2091.0,382.0,
Italy,2020-04-29,2086.0,323.0,
Italy,2020-04-30,1872.0,285.0,
Italy,2020-05-01,1965.0,269.0,
Italy,2020-05-02,1900.0,474.0,
Italy,2020-05-03,1389.0,174.0,
Italy,2020-05-04,1221.0,195.0,
Italy,2020-05-05,1075.0,236.0,
Italy,2020-05-06,1444.0,369.0,
Italy,2020-05-07,1401.0,274.0,
Italy,2020-05-08,1327.0,243.0,
Italy,2020-05-09,1083.0,194.0,
Italy,2020-05-10,802.0,165.0,
Italy,2020-05-11,744.0,179.0,
Italy,2020-05-12,1402.0,172.0,
Italy,2020-05-13,888.0,195.0,
Italy,2020-05-14,992.0,262.0,
Italy,2020-05-15,789.0,242.0,
Italy,2020-05-16,875.0,153.0,
Italy,2020-05-17,675.0,145.0,
Italy,2020-05-18,451.0,99.0,
Italy,2020-05-19,813.0,162.0,
Italy,2020-05-20,665.0,161.0,
Italy,2020-05-21,642.0,156.0,
Italy,2020-05-22,652.0,130.0,
Italy,2020-05-23,669.0,119.0,
Italy,2020-05-24,531.0,50.0,
Italy,2020-05-25,300.0,92.0,
Italy,2020-05-26,397.0,78.0,
Italy,2020-05-27,584.0,117.0,
Italy,2020-05-28,593.0,70.0,
Italy,2020-05-29,516.0,87.0,
Italy,2020-05-30,416.0,111.0,
Italy,2020-05-31,333.0,75.0,
Italy,2020-06-01,200.0,60.0,
Italy,2020-06-02,318.0,55.0,
Italy,2020-06-03,321.0,71.0,
Italy,2020-06-04,177.0,88.0,
Italy,2020-06-05,518.0,85.0,
Italy,2020-06-06,270.0,72.0,
Italy,2020-06-07,197.0,53.0,
Italy,2020-06-08,280.0,65.0,
Italy,2020-06-09,283.0,79.0,
Italy,2020-06-10,202.0,71.0,
Italy,2020-06-11,379.0,53.0,
Italy,2020-06-12,163.0,56.0,
Italy,2020-06-13,346.0,78.0,
Italy,2020-06-14,338.0,44.0,
Italy,2020-06-15,301.0,26.0,
Italy,2020-06-16,210.0,34.0,
Italy,2020-06-17,328.0,43.0,
Italy,2020-06-18,331.0,66.0,
Italy,2020-06-19,-148.0,47.0,
Italy,2020-06-20,264.0,49.0,
Italy,2020-06-21,224.0,24.0,
Italy,2020-06-22,221.0,23.0,
Italy,2020-06-23,113.0,18.0,
Italy,2020-06-24,577.0,-31.0,
Italy,2020-06-25,296.0,34.0,
Italy,2020-06-26,255.0,30.0,
Italy,2020-06-27,175.0,8.0,
Italy,2020-06-28,174.0,22.0,
Italy,2020-06-29,126.0,6.0,
Italy,2020-06-30,142.0,23.0,
Italy,2020-07-01,182.0,21.0,
Italy,2020-07-02,201.0,30.0,
Italy,2020-07-03,223.0,15.0,
Italy,2020-07-04,235.0,21.0,
Italy,2020-07-05,192.0,7.0,
Italy,2020-07-06,208.0,8.0,
Italy,2020-07-07,137.0,30.0,
Italy,2020-07-08,193.0,15.0,
Italy,2020-07-09,214.0,12.0,
Italy,2020-07-10,276.0,12.0,
Italy,2020-07-11,188.0,7.0,
Italy,2020-07-12,234.0,9.0,
Italy,2020-07-13,169.0,13.0,
Italy,2020-07-14,114.0,17.0,
Italy,2020-07-15,162.0,13.0,
Italy,2020-07-16,230.0,20.0,
Italy,2020-07-17,231.0,11.0,
Italy,2020-07-18,249.0,14.0,
Italy,2020-07-19,218.0,3.0,
Italy,2020-07-20,190.0,13.0,
Italy,2020-07-21,128.0,15.0,
Italy,2020-07-22,280.0,9.0,
Italy,2020-07-23,306.0,10.0,
Italy,2020-07-24,252.0,5.0,
Italy,2020-07-25,274.0,5.0,
Italy,2020-07-26,254.0,5.0,
Italy,2020-07-27,168.0,5.0,
Italy,2020-07-28,202.0,11.0,
Italy,2020-07-29,288.0,6.0,
Italy,2020-07-30,382.0,3.0,
Italy,2020-07-31,379.0,9.0,
Italy,2020-08-01,295.0,5.0,
Italy,2020-08-02,238.0,8.0,
Italy,2020-08-03,159.0,12.0,
Italy,2020-08-04,190.0,5.0,
Italy,2020-08-05,384.0,10.0,
Italy,2020-08-06,401.0,6.0,
Italy,2020-08-07,552.0,3.0,
Italy,2020-08-08,347.0,13.0,
Italy,2020-08-09,463.0,2.0,
Italy,2020-08-10,259.0,4.0,
Italy,2020-08-11,412.0,6.0,
Italy,2020-08-12,476.0,10.0,
Italy,2020-08-13,522.0,6.0,
Italy,2020-08-14,574.0,3.0,
Italy,2020-08-15,629.0,158.0,
Italy,2020-08-16,477.0,4.0,
Italy,2020-08-17,320.0,4.0,
Italy,2020-08-18,401.0,5.0,
Italy,2020-08-19,642.0,7.0,
Italy,2020-08-20,840.0,6.0,
Italy,2020-08-21,947.0,9.0,
Italy,2020-08-22,1071.0,3.0,
Italy,2020-08-23,1209.0,7.0,
Italy,2020-08-24,953.0,4.0,
Italy,2020-08-25,876.0,4.0,
Italy,2020-08-26,1366.0,13.0,
Italy,2020-08-27,1409.0,5.0,
Italy,2020-08-28,1460.0,9.0,
Italy,2020-08-29,1444.0,1.0,
Italy,2020-08-30,1365.0,4.0,
Italy,2020-08-31,996.0,6.0,
Italy,2020-09-01,975.0,8.0,
Italy,2020-09-02,1326.0,6.0,
Italy,2020-09-03,1397.0,10.0,
Italy,2020-09-04,1732.0,11.0,
Italy,2020-09-05,1694.0,16.0,
Italy,2020-09-06,1296.0,7.0,
Italy,2020-09-07,1150.0,12.0,
Italy,2020-09-08,1369.0,10.0,
Italy,2020-09-09,1430.0,14.0,
Italy,2020-09-10,1597.0,10.0,
Italy,2020-09-11,1616.0,10.0,
Italy,2020-09-12,1501.0,6.0,
Italy,2020-09-13,1456.0,7.0,
Italy,2020-09-14,1008.0,14.0,
Italy,2020-09-15,1229.0,9.0,
Italy,2020-09-16,1452.0,12.0,
Italy,2020-09-17,1583.0,13.0,
Italy,2020-09-18,1907.0,10.0,
Italy,2020-09-19,1637.0,24.0,
Italy,2020-09-20,1587.0,15.0,
Italy,2020-09-21,1350.0,17.0,
Italy,2020-09-22,1391.0,14.0,
Italy,2020-09-23,1640.0,20.0,
Italy,2020-09-24,1786.0,23.0,
Italy,2020-09-25,1912.0,20.0,
Italy,2020-09-26,1869.0,17.0,
Italy,2020-09-27,1766.0,17.0,
Italy,2020-09-28,1494.0,16.0,
Italy,2020-09-29,1647.0,24.0,
Italy,2020-09-30,1850.0,19.0,
Italy,2020-10-01,2548.0,24.0,
Italy,2020-10-02,2499.0,23.0,
Italy,2020-10-03,2843.0,27.0,
Italy,2020-10-04,2578.0,18.0,
Italy,2020-10-05,2257.0,16.0,
Italy,2020-10-06,2677.0,28.0,
Italy,2020-10-07,3677.0,31.0,
Italy,2020-10-08,4458.0,22.0,
Italy,2020-10-09,5372.0,28.0,
Italy,2020-10-10,5724.0,29.0,
Italy,2020-10-11,5456.0,26.0,
Italy,2020-10-12,4619.0,39.0,
Italy,2020-10-13,5898.0,41.0,
Italy,2020-10-14,7332.0,43.0,
Italy,2020-10-15,8803.0,83.0,
Italy,2020-10-16,10009.0,55.0,
Italy,2020-10-17,10925.0,47.0,
Italy,2020-10-18,11705.0,69.0,
Italy,2020-10-19,9337.0,73.0,
Italy,2020-10-20,10871.0,89.0,
Italy,2020-10-21,15199.0,127.0,
Italy,2020-10-22,16078.0,136.0,
Italy,2020-10-23,19143.0,91.0,
Italy,2020-10-24,19640.0,151.0,
Italy,2020-10-25,21273.0,128.0,
Italy,2020-10-26,17007.0,141.0,
Italy,2020-10-27,21989.0,221.0,
Italy,2020-10-28,24988.0,205.0,
Italy,2020-10-29,26829.0,217.0,
Italy,2020-10-30,31079.0,199.0,
Italy,2020-10-31,31756.0,297.0,
Italy,2020-11-01,29905.0,208.0,
Italy,2020-11-02,22253.0,233.0,
Italy,2020-11-03,28241.0,353.0,
Italy,2020-11-04,30548.0,352.0,
Italy,2020-11-05,34502.0,428.0,
Italy,2020-11-06,37802.0,446.0,
Italy,2020-11-07,39809.0,425.0,
Italy,2020-11-08,32614.0,331.0,
Italy,2020-11-09,25269.0,356.0,
Italy,2020-11-10,35090.0,580.0,
Italy,2020-11-11,32961.0,623.0,
Italy,2020-11-12,37977.0,636.0,
Italy,2020-11-13,40902.0,550.0,
Italy,2020-11-14,37249.0,544.0,
Italy,2020-11-15,33977.0,546.0,
Italy,2020-11-16,27352.0,504.0,
Italy,2020-11-17,32191.0,731.0,
Italy,2020-11-18,34280.0,753.0,
Italy,2020-11-19,36176.0,653.0,
Italy,2020-11-20,37239.0,699.0,
Italy,2020-11-21,34764.0,692.0,
Italy,2020-11-22,28337.0,562.0,
Italy,2020-11-23,22927.0,630.0,
Italy,2020-11-24,23227.0,853.0,
Italy,2020-11-25,25852.0,722.0,
Italy,2020-11-26,29001.0,822.0,
Italy,2020-11-27,28342.0,827.0,
Italy,2020-11-28,26315.0,686.0,
Italy,2020-11-29,20646.0,541.0,
Italy,2020-11-30,16376.0,672.0,
Italy,2020-12-01,19347.0,785.0,
Italy,2020-12-02,20709.0,684.0,
Italy,2020-12-03,23219.0,993.0,
Italy,2020-12-04,24110.0,814.0,
Italy,2020-12-05,21052.0,662.0,
Italy,2020-12-06,18887.0,564.0,
Italy,2020-12-07,13679.0,528.0,
Italy,2020-12-08,14837.0,634.0,
Italy,2020-12-09,12755.0,499.0,
Italy,2020-12-10,16998.0,887.0,
Italy,2020-12-11,18726.0,761.0,
Italy,2020-12-12,19902.0,649.0,
Italy,2020-12-13,17937.0,484.0,
Italy,2020-12-14,12025.0,491.0,
Italy,2020-12-15,14839.0,846.0,
Italy,2020-12-16,17568.0,680.0,
Italy,2020-12-17,18233.0,683.0,
Italy,2020-12-18,15401.0,674.0,
Italy,2020-12-19,16305.0,553.0,
Italy,2020-12-20,15102.0,352.0,
Italy,2020-12-21,10869.0,415.0,
Italy,2020-12-22,13316.0,628.0,
Italy,2020-12-23,13908.0,553.0,
Italy,2020-12-24,18039.0,505.0,
Italy,2020-12-25,19037.0,459.0,
Italy,2020-12-26,10405.0,261.0,
Italy,2020-12-27,8937.0,305.0,
Italy,2020-12-28,8581.0,445.0,
Italy,2020-12-29,11210.0,659.0,
Italy,2020-12-30,16202.0,575.0,
Italy,2020-12-31,23477.0,555.0,
Italy,2021-01-01,22210.0,462.0,
Italy,2021-01-02,11825.0,364.0,
Italy,2021-01-03,14245.0,347.0,
Italy,2021-01-04,10798.0,348.0,0.0
Italy,2021-01-05,15375.0,649.0,0.0
Italy,2021-01-06,20326.0,548.0,0.0
Italy,2021-01-07,18416.0,414.0,0.0
Italy,2021-01-08,17529.0,620.0,0.0
Italy,2021-01-09,19976.0,483.0,0.0
Italy,2021-01-10,18625.0,361.0,0.0
Italy,2021-01-11,12530.0,448.0,0.0
Italy,2021-01-12,14242.0,616.0,0.0
Italy,2021-01-13,15773.0,507.0,0.0
Italy,2021-01-14,17243.0,522.0,0.0
Italy,2021-01-15,16144.0,477.0,0.0
Italy,2021-01-16,16310.0,475.0,0.0
Italy,2021-01-17,12544.0,377.0,0.0
Italy,2021-01-18,8825.0,377.0,0.01
Italy,2021-01-19,10496.0,603.0,0.02
Italy,2021-01-20,13568.0,524.0,0.02
Italy,2021-01-21,14055.0,521.0,0.06
Italy,2021-01-22,13633.0,472.0,0.08
Italy,2021-01-23,13331.0,488.0,0.14
Italy,2021-01-24,11628.0,299.0,0.19
Italy,2021-01-25,8559.0,420.0,0.29
Italy,2021-01-26,10584.0,541.0,0.42
Italy,2021-01-27,15191.0,467.0,0.53
Italy,2021-01-28,14360.0,492.0,0.68
Italy,2021-01-29,13563.0,477.0,0.83
Italy,2021-01-30,12713.0,421.0,0.97
Italy,2021-01-31,11249.0,237.0,1.07
Italy,2021-02-01,7925.0,329.0,1.21
Italy,2021-02-02,9651.0,499.0,1.34
Italy,2021-02-03,13182.0,476.0,1.49
Italy,2021-02-04,13656.0,421.0,1.65
Italy,2021-02-05,14213.0,377.0,1.8
Italy,2021-02-06,13439.0,385.0,1.9
Italy,2021-02-07,11640.0,270.0,1.96
Italy,2021-02-08,7969.0,307.0,2.02
Italy,2021-02-09,10612.0,422.0,2.08
Italy,2021-02-10,12947.0,336.0,2.13
Italy,2021-02-11,15137.0,391.0,2.16
Italy,2021-02-12,13893.0,316.0,2.18
Italy,2021-02-13,13523.0,311.0,2.2
Italy,2021-02-14,11060.0,221.0,2.2
Italy,2021-02-15,7344.0,258.0,2.21
Italy,2021-02-16,10368.0,336.0,2.22
Italy,2021-02-17,12066.0,369.0,2.24
Italy,2021-02-18,13755.0,347.0,2.25
Italy,2021-02-19,15470.0,348.0,2.26
Italy,2021-02-20,14914.0,251.0,2.27
Italy,2021-02-21,13450.0,232.0,2.27
Italy,2021-02-22,9617.0,274.0,2.28
Italy,2021-02-23,13299.0,356.0,2.29
Italy,2021-02-24,16402.0,318.0,2.3
Italy,2021-02-25,19871.0,308.0,2.32
Italy,2021-02-26,20488.0,253.0,2.35
Italy,2021-02-27,18902.0,280.0,2.37
Italy,2021-02-28,17440.0,192.0,2.38
Italy,2021-03-01,13106.0,246.0,2.42
Italy,2021-03-02,17063.0,343.0,2.47
Italy,2021-03-03,20840.0,347.0,2.54
Italy,2021-03-04,22845.0,339.0,2.62
Italy,2021-03-05,24010.0,297.0,2.71
Italy,2021-03-06,23633.0,307.0,2.77
Italy,2021-03-07,20724.0,207.0,2.81
Italy,2021-03-08,13882.0,318.0,2.89
Italy,2021-03-09,19725.0,376.0,2.97
Italy,2021-03-10,22275.0,332.0,3.06
Italy,2021-03-11,25649.0,373.0,3.16
Italy,2021-03-12,26790.0,380.0,3.26
Italy,2021-03-13,26031.0,317.0,3.34
Italy,2021-03-14,21304.0,264.0,3.4
Italy,2021-03-15,15252.0,354.0,3.51
Italy,2021-03-16,20376.0,502.0,3.63
Italy,2021-03-17,23040.0,431.0,3.77
Italy,2021-03-18,24901.0,423.0,3.9
Italy,2021-03-19,25707.0,386.0,4.03
Italy,2021-03-20,23913.0,401.0,4.13
Italy,2021-03-21,20045.0,300.0,4.21
Italy,2021-03-22,24501.0,386.0,4.32
Italy,2021-03-23,18739.0,551.0,4.44
Italy,2021-03-24,21246.0,460.0,4.58
Italy,2021-03-25,23681.0,460.0,4.72
Italy,2021-03-26,24076.0,457.0,4.85
Italy,2021-03-27,23834.0,380.0,4.96
Italy,2021-03-28,19604.0,297.0,5.03
Italy,2021-03-29,12900.0,417.0,5.14
Italy,2021-03-30,16055.0,529.0,5.26
Italy,2021-03-31,23887.0,467.0,5.41
Italy,2021-04-01,22184.0,501.0,5.56
Italy,2021-04-02,21917.0,481.0,5.7
Italy,2021-04-03,21247.0,376.0,5.8
Italy,2021-04-04,18017.0,326.0,5.83
Italy,2021-04-05,10680.0,296.0,5.89
Italy,2021-04-06,7763.0,421.0,6.02
Italy,2021-04-07,13686.0,627.0,6.17
Italy,2021-04-08,17209.0,487.0,6.32
Italy,2021-04-09,18924.0,718.0,6.45
Italy,2021-04-10,17551.0,344.0,6.57
Italy,2021-04-11,15737.0,331.0,6.64
Italy,2021-04-12,9780.0,358.0,6.74
Italy,2021-04-13,13439.0,476.0,6.85
Italy,2021-04-14,16160.0,469.0,6.98
Italy,2021-04-15,16963.0,380.0,7.15
Italy,2021-04-16,15923.0,429.0,7.31
Italy,2021-04-17,15364.0,310.0,7.45
Italy,2021-04-18,12688.0,251.0,7.54
Italy,2021-04-19,8863.0,316.0,7.69
Italy,2021-04-20,12069.0,390.0,7.85
Italy,2021-04-21,13836.0,364.0,8.05
Italy,2021-04-22,16046.0,360.0,8.27
Italy,2021-04-23,14758.0,342.0,8.49
Italy,2021-04-24,13814.0,322.0,8.69
Italy,2021-04-25,13157.0,217.0,8.78
Italy,2021-04-26,8440.0,301.0,8.93
Italy,2021-04-27,10398.0,373.0,9.13
Italy,2021-04-28,13382.0,344.0,9.38
Italy,2021-04-29,14314.0,288.0,9.68
Italy,2021-04-30,13445.0,263.0,10.02
Italy,2021-05-01,12964.0,226.0,10.3
Italy,2021-05-02,9145.0,144.0,10.51
Italy,2021-05-03,5946.0,256.0,10.74
Italy,2021-05-04,9113.0,305.0,10.98
Italy,2021-05-05,10579.0,267.0,11.25
Italy,2021-05-06,11798.0,258.0,11.56
Italy,2021-05-07,10549.0,207.0,11.89
Italy,2021-05-08,10174.0,224.0,12.23
Italy,2021-05-09,8289.0,139.0,12.46
Italy,2021-05-10,5077.0,198.0,12.72
Italy,2021-05-11,6943.0,251.0,12.99
Italy,2021-05-12,7848.0,262.0,13.27
Italy,2021-05-13,8082.0,201.0,13.59
Italy,2021-05-14,7562.0,182.0,13.94
Italy,2021-05-15,6652.0,136.0,14.27
Italy,2021-05-16,5748.0,93.0,14.53
Italy,2021-05-17,3454.0,140.0,14.88
Italy,2021-05-18,4449.0,201.0,15.22
Italy,2021-05-19,5500.0,149.0,15.55
Italy,2021-05-20,5736.0,164.0,15.99
Italy,2021-05-21,5215.0,218.0,16.42
Italy,2021-05-22,4714.0,125.0,16.82
Italy,2021-05-23,3993.0,72.0,17.13
Italy,2021-05-24,2489.0,110.0,17.5
Italy,2021-05-25,3220.0,166.0,17.9
Italy,2021-05-26,3935.0,121.0,18.35
Italy,2021-05-27,4143.0,171.0,18.85
Italy,2021-05-28,3737.0,126.0,19.33
Italy,2021-05-29,3348.0,83.0,19.7
Italy,2021-05-30,2948.0,44.0,19.98
Italy,2021-05-31,1818.0,82.0,20.32
Italy,2021-06-01,2483.0,93.0,20.66
Italy,2021-06-02,2896.0,62.0,20.84
Italy,2021-06-03,1963.0,59.0,21.12
Italy,2021-06-04,2556.0,73.0,21.41
Italy,2021-06-05,2434.0,57.0,21.7
Italy,2021-06-06,2275.0,51.0,21.91
Italy,2021-06-07,1270.0,65.0,22.16
Italy,2021-06-08,1894.0,102.0,22.43
Italy,2021-06-09,2198.0,77.0,22.7
Italy,2021-06-10,2078.0,88.0,22.96
Italy,2021-06-11,1892.0,69.0,23.22
Italy,2021-06-12,1722.0,52.0,23.42
Italy,2021-06-13,1390.0,26.0,23.56
Italy,2021-06-14,907.0,36.0,23.9
Italy,2021-06-15,1253.0,63.0,24.26
Italy,2021-06-16,1400.0,52.0,24.67
Italy,2021-06-17,1323.0,37.0,25.15
Italy,2021-06-18,1147.0,35.0,25.64
Italy,2021-06-19,1193.0,28.0,26.09
Italy,2021-06-20,881.0,17.0,26.44
Italy,2021-06-21,484.0,21.0,26.9
Italy,2021-06-22,834.0,31.0,27.38
Italy,2021-06-23,1140.0,30.0,27.87
Italy,2021-06-24,266.0,10.0,28.4
Italy,2021-06-25,751.0,56.0,28.96
Italy,2021-06-26,838.0,40.0,29.44
Italy,2021-06-27,780.0,14.0,29.81
Italy,2021-06-28,387.0,28.0,30.3
Italy,2021-06-29,677.0,42.0,30.83
Italy,2021-06-30,776.0,24.0,31.38
Italy,2021-07-01,879.0,21.0,31.97
Italy,2021-07-02,794.0,28.0,32.56
Italy,2021-07-03,929.0,22.0,33.16
Italy,2021-07-04,806.0,12.0,33.62
Italy,2021-07-05,480.0,31.0,34.24
Italy,2021-07-06,907.0,24.0,34.87
Italy,2021-07-07,1010.0,14.0,35.54
Italy,2021-07-08,1391.0,13.0,36.32
Italy,2021-07-09,1386.0,25.0,37.14
Italy,2021-07-10,1394.0,12.0,37.91
Italy,2021-07-11,1391.0,7.0,38.5
Italy,2021-07-12,887.0,13.0,39.29
Italy,2021-07-13,1530.0,20.0,40.1
Italy,2021-07-14,2153.0,23.0,40.88
Italy,2021-07-15,2473.0,9.0,41.74
Italy,2021-07-16,2895.0,11.0,42.57
Italy,2021-07-17,3118.0,13.0,43.33
Italy,2021-07-18,3126.0,3.0,43.93
Italy,2021-07-19,2070.0,7.0,44.68
Italy,2021-07-20,3555.0,10.0,45.43
Italy,2021-07-21,4254.0,21.0,46.18
Italy,2021-07-22,5056.0,15.0,46.95
Italy,2021-07-23,5142.0,17.0,47.67
Italy,2021-07-24,5138.0,5.0,48.29
Italy,2021-07-25,4742.0,7.0,48.76
Italy,2021-07-26,3115.0,22.0,49.46
Italy,2021-07-27,4516.0,24.0,50.18
Italy,2021-07-28,5693.0,15.0,50.81
Italy,2021-07-29,6167.0,19.0,51.41
Italy,2021-07-30,6613.0,18.0,51.96
Italy,2021-07-31,6509.0,16.0,52.42
Italy,2021-08-01,5320.0,5.0,52.73
Italy,2021-08-02,3185.0,20.0,53.27
Italy,2021-08-03,4841.0,27.0,53.79
Italy,2021-08-04,6590.0,21.0,54.29
Italy,2021-08-05,7224.0,27.0,54.76
Italy,2021-08-06,6599.0,24.0,55.17
Italy,2021-08-07,6897.0,22.0,55.49
Italy,2021-08-08,5733.0,11.0,55.73
Italy,2021-08-09,4200.0,22.0,56.1
Italy,2021-08-10,5624.0,31.0,56.43
Italy,2021-08-11,6921.0,31.0,56.73
Italy,2021-08-12,7267.0,30.0,56.99
Italy,2021-08-13,7398.0,45.0,57.22
Italy,2021-08-14,7181.0,34.0,57.33
Italy,2021-08-15,5661.0,19.0,57.37
Italy,2021-08-16,3669.0,24.0,57.54
Italy,2021-08-17,5268.0,54.0,57.75
Italy,2021-08-18,7159.0,69.0,57.94
Italy,2021-08-19,7240.0,55.0,58.14
Italy,2021-08-20,7220.0,49.0,58.33
Italy,2021-08-21,7466.0,45.0,58.46
Italy,2021-08-22,5922.0,23.0,58.57
Italy,2021-08-23,4166.0,44.0,58.84
Italy,2021-08-24,6078.0,60.0,59.08
Italy,2021-08-25,7539.0,59.0,59.36
Italy,2021-08-26,7215.0,43.0,59.62
Italy,2021-08-27,7823.0,45.0,59.92
Italy,2021-08-28,6858.0,54.0,60.13
Italy,2021-08-29,5954.0,37.0,60.29
Italy,2021-08-30,4253.0,53.0,60.61
Italy,2021-08-31,5492.0,75.0,60.92
Italy,2021-09-01,6496.0,69.0,61.21
Italy,2021-09-02,6754.0,62.0,61.51
Italy,2021-09-03,6729.0,58.0,61.81
Italy,2021-09-04,6156.0,56.0,62.01
Italy,2021-09-05,5314.0,49.0,62.15
Italy,2021-09-06,3347.0,52.0,62.45
Italy,2021-09-07,4715.0,71.0,62.76
Italy,2021-09-08,5921.0,69.0,63.06
Italy,2021-09-09,5518.0,59.0,63.38
Italy,2021-09-10,5617.0,62.0,63.69
Italy,2021-09-11,5191.0,57.0,63.91
Italy,2021-09-12,4664.0,34.0,64.05
Italy,2021-09-13,2792.0,36.0,64.36
Italy,2021-09-14,4009.0,72.0,64.64
Italy,2021-09-15,4826.0,73.0,64.9
Italy,2021-09-16,5115.0,67.0,65.15
Italy,2021-09-17,4544.0,66.0,65.39
Italy,2021-09-18,4576.0,51.0,65.59
Italy,2021-09-19,3836.0,26.0,65.71
Italy,2021-09-20,2405.0,44.0,66.0
Italy,2021-09-21,3374.0,67.0,66.26
Italy,2021-09-22,3963.0,67.0,66.52
Italy,2021-09-23,4053.0,63.0,66.73
Italy,2021-09-24,3790.0,52.0,66.95
Italy,2021-09-25,3519.0,50.0,67.14
Italy,2021-09-26,3099.0,44.0,67.25
Italy,2021-09-27,1773.0,45.0,67.46
Italy,2021-09-28,2962.0,65.0,67.65
Italy,2021-09-29,3212.0,63.0,67.82
Italy,2021-09-30,4094.0,51.0,67.99
Italy,2021-10-01,3403.0,52.0,68.14
Italy,2021-10-02,3309.0,25.0,68.26
Italy,2021-10-03,2967.0,33.0,68.34
Italy,2021-10-04,1612.0,37.0,68.48
Italy,2021-10-05,2463.0,50.0,68.6
Italy,2021-10-06,3232.0,39.0,68.71
Italy,2021-10-07,2933.0,41.0,68.82
Italy,2021-10-08,3017.0,30.0,68.95
Italy,2021-10-09,2747.0,46.0,69.06
Italy,2021-10-10,2278.0,27.0,69.14
Italy,2021-10-11,1516.0,34.0,69.27
Italy,2021-10-12,2486.0,49.0,69.4
Italy,2021-10-13,2769.0,37.0,69.54
Italy,2021-10-14,2666.0,40.0,69.68
Italy,2021-10-15,2729.0,42.0,69.83
Italy,2021-10-16,2982.0,14.0,69.96
Italy,2021-10-17,2435.0,24.0,70.04
Italy,2021-10-18,1594.0,44.0,70.18
Italy,2021-10-19,2695.0,70.0,70.31
Italy,2021-10-20,3699.0,33.0,70.42
Italy,2021-10-21,3791.0,36.0,70.55
Italy,2021-10-22,3879.0,39.0,70.66
Italy,2021-10-23,3905.0,39.0,70.76
Italy,2021-10-24,3723.0,24.0,70.81
Italy,2021-10-25,2535.0,30.0,70.91
Italy,2021-10-26,4053.0,48.0,71.01
Italy,2021-10-27,4595.0,50.0,71.1
Italy,2021-10-28,4863.0,50.0,71.2
Italy,2021-10-29,5332.0,33.0,71.29
Italy,2021-10-30,4877.0,37.0,71.37
Italy,2021-10-31,4525.0,26.0,71.41
Italy,2021-11-01,2818.0,20.0,71.44
Italy,2021-11-02,2831.0,41.0,71.54
Italy,2021-11-03,5188.0,63.0,71.64
Italy,2021-11-04,5902.0,59.0,71.74
Italy,2021-11-05,6761.0,51.0,71.84
Italy,2021-11-06,6760.0,31.0,71.91
Italy,2021-11-07,5822.0,26.0,71.95
Italy,2021-11-08,4547.0,32.0,72.03
Italy,2021-11-09,6111.0,68.0,72.1
Italy,2021-11-10,8033.0,60.0,72.17
Italy,2021-11-11,8697.0,67.0,72.24
Italy,2021-11-12,8522.0,68.0,72.32
Italy,2021-11-13,8539.0,53.0,72.37
Italy,2021-11-14,7565.0,36.0,72.39
Italy,2021-11-15,5199.0,44.0,72.45
Italy,2021-11-16,7815.0,74.0,72.5
Italy,2021-11-17,10167.0,72.0,72.54
Italy,2021-11-18,10645.0,69.0,72.59
Italy,2021-11-19,10554.0,48.0,72.64
Italy,2021-11-20,11540.0,49.0,72.67
Italy,2021-11-21,9707.0,46.0,72.69
Italy,2021-11-22,6403.0,70.0,72.72
Italy,2021-11-23,10044.0,83.0,72.76
Italy,2021-11-24,12450.0,85.0,72.8
Italy,2021-11-25,13756.0,71.0,72.84
Italy,2021-11-26,13681.0,51.0,72.88
Italy,2021-11-27,12869.0,90.0,72.91
Italy,2021-11-28,12927.0,47.0,72.92
Italy,2021-11-29,7972.0,65.0,72.96
Italy,2021-11-30,12757.0,89.0,72.99
Italy,2021-12-01,15073.0,103.0,73.03
Netherlands,2020-02-27,1.0,0.0,
Netherlands,2020-02-28,0.0,0.0,
Netherlands,2020-02-29,5.0,0.0,
Netherlands,2020-03-01,4.0,0.0,
Netherlands,2020-03-02,8.0,0.0,
Netherlands,2020-03-03,6.0,0.0,
Netherlands,2020-03-04,14.0,0.0,
Netherlands,2020-03-05,44.0,0.0,
Netherlands,2020-03-06,46.0,1.0,
Netherlands,2020-03-07,60.0,0.0,
Netherlands,2020-03-08,77.0,2.0,
Netherlands,2020-03-09,56.0,0.0,
Netherlands,2020-03-10,61.0,1.0,
Netherlands,2020-03-11,121.0,1.0,
Netherlands,2020-03-12,0.0,0.0,
Netherlands,2020-03-13,303.0,5.0,
Netherlands,2020-03-14,156.0,2.0,
Netherlands,2020-03-15,176.0,8.0,
Netherlands,2020-03-16,278.0,4.0,
Netherlands,2020-03-17,295.0,19.0,
Netherlands,2020-03-18,347.0,15.0,
Netherlands,2020-03-19,409.0,19.0,
Netherlands,2020-03-20,536.0,30.0,
Netherlands,2020-03-21,637.0,30.0,
Netherlands,2020-03-22,577.0,43.0,
Netherlands,2020-03-23,547.0,34.0,
Netherlands,2020-03-24,816.0,63.0,
Netherlands,2020-03-25,858.0,80.0,
Netherlands,2020-03-26,1030.0,78.0,
Netherlands,2020-03-27,1179.0,112.0,
Netherlands,2020-03-28,1172.0,93.0,
Netherlands,2020-03-29,1111.0,132.0,
Netherlands,2020-03-30,887.0,93.0,
Netherlands,2020-03-31,850.0,175.0,
Netherlands,2020-04-01,1029.0,135.0,
Netherlands,2020-04-02,1092.0,166.0,
Netherlands,2020-04-03,1033.0,149.0,
Netherlands,2020-04-04,906.0,166.0,
Netherlands,2020-04-05,1226.0,115.0,
Netherlands,2020-04-06,973.0,103.0,
Netherlands,2020-04-07,783.0,234.0,
Netherlands,2020-04-08,973.0,147.0,
Netherlands,2020-04-09,1221.0,148.0,
Netherlands,2020-04-10,1346.0,117.0,
Netherlands,2020-04-11,1322.0,133.0,
Netherlands,2020-04-12,1175.0,94.0,
Netherlands,2020-04-13,964.0,86.0,
Netherlands,2020-04-14,870.0,122.0,
Netherlands,2020-04-15,736.0,190.0,
Netherlands,2020-04-16,1067.0,182.0,
Netherlands,2020-04-17,1236.0,144.0,
Netherlands,2020-04-18,1147.0,142.0,
Netherlands,2020-04-19,1072.0,84.0,
Netherlands,2020-04-20,750.0,67.0,
Netherlands,2020-04-21,729.0,165.0,
Netherlands,2020-04-22,715.0,139.0,
Netherlands,2020-04-23,889.0,124.0,
Netherlands,2020-04-24,808.0,112.0,
Netherlands,2020-04-25,655.0,120.0,
Netherlands,2020-04-26,656.0,67.0,
Netherlands,2020-04-27,400.0,43.0,
Netherlands,2020-04-28,172.0,48.0,
Netherlands,2020-04-29,386.0,145.0,
Netherlands,2020-04-30,514.0,84.0,
Netherlands,2020-05-01,477.0,98.0,
Netherlands,2020-05-02,445.0,94.0,
Netherlands,2020-05-03,335.0,69.0,
Netherlands,2020-05-04,199.0,26.0,
Netherlands,2020-05-05,318.0,87.0,
Netherlands,2020-05-06,232.0,36.0,
Netherlands,2020-05-07,455.0,85.0,
Netherlands,2020-05-08,319.0,71.0,
Netherlands,2020-05-09,289.0,64.0,
Netherlands,2020-05-10,245.0,18.0,
Netherlands,2020-05-11,161.0,16.0,
Netherlands,2020-05-12,196.0,54.0,
Netherlands,2020-05-13,227.0,52.0,
Netherlands,2020-05-14,270.0,28.0,
Netherlands,2020-05-15,200.0,53.0,
Netherlands,2020-05-16,190.0,27.0,
Netherlands,2020-05-17,125.0,10.0,
Netherlands,2020-05-18,146.0,14.0,
Netherlands,2020-05-19,108.0,21.0,
Netherlands,2020-05-20,198.0,33.0,
Netherlands,2020-05-21,253.0,27.0,
Netherlands,2020-05-22,188.0,13.0,
Netherlands,2020-05-23,177.0,23.0,
Netherlands,2020-05-24,172.0,11.0,
Netherlands,2020-05-25,210.0,8.0,
Netherlands,2020-05-26,133.0,26.0,
Netherlands,2020-05-27,190.0,15.0,
Netherlands,2020-05-28,182.0,32.0,
Netherlands,2020-05-29,176.0,28.0,
Netherlands,2020-05-30,132.0,20.0,
Netherlands,2020-05-31,185.0,5.0,
Netherlands,2020-06-01,104.0,6.0,
Netherlands,2020-06-02,103.0,5.0,
Netherlands,2020-06-03,87.0,10.0,
Netherlands,2020-06-04,209.0,13.0,
Netherlands,2020-06-05,210.0,15.0,
Netherlands,2020-06-06,183.0,6.0,
Netherlands,2020-06-07,239.0,2.0,
Netherlands,2020-06-08,165.0,3.0,
Netherlands,2020-06-09,164.0,15.0,
Netherlands,2020-06-10,185.0,11.0,
Netherlands,2020-06-11,164.0,2.0,
Netherlands,2020-06-12,210.0,9.0,
Netherlands,2020-06-13,179.0,4.0,
Netherlands,2020-06-14,143.0,2.0,
Netherlands,2020-06-15,165.0,6.0,
Netherlands,2020-06-16,140.0,5.0,
Netherlands,2020-06-17,117.0,4.0,
Netherlands,2020-06-18,115.0,4.0,
Netherlands,2020-06-19,107.0,3.0,
Netherlands,2020-06-20,76.0,8.0,
Netherlands,2020-06-21,91.0,1.0,
Netherlands,2020-06-22,65.0,0.0,
Netherlands,2020-06-23,64.0,5.0,
Netherlands,2020-06-24,82.0,2.0,
Netherlands,2020-06-25,110.0,3.0,
Netherlands,2020-06-26,91.0,3.0,
Netherlands,2020-06-27,69.0,2.0,
Netherlands,2020-06-28,73.0,0.0,
Netherlands,2020-06-29,78.0,2.0,
Netherlands,2020-06-30,50.0,6.0,
Netherlands,2020-07-01,62.0,2.0,
Netherlands,2020-07-02,78.0,3.0,
Netherlands,2020-07-03,75.0,2.0,
Netherlands,2020-07-04,63.0,6.0,
Netherlands,2020-07-05,73.0,1.0,
Netherlands,2020-07-06,36.0,1.0,
Netherlands,2020-07-07,37.0,4.0,
Netherlands,2020-07-08,52.0,3.0,
Netherlands,2020-07-09,54.0,2.0,
Netherlands,2020-07-10,42.0,-1.0,
Netherlands,2020-07-11,81.0,1.0,
Netherlands,2020-07-12,101.0,0.0,
Netherlands,2020-07-13,71.0,0.0,
Netherlands,2020-07-14,54.0,-2.0,
Netherlands,2020-07-15,109.0,1.0,
Netherlands,2020-07-16,101.0,1.0,
Netherlands,2020-07-17,110.0,1.0,
Netherlands,2020-07-18,127.0,-2.0,
Netherlands,2020-07-19,146.0,0.0,
Netherlands,2020-07-20,187.0,0.0,
Netherlands,2020-07-21,165.0,0.0,
Netherlands,2020-07-22,168.0,3.0,
Netherlands,2020-07-23,165.0,0.0,
Netherlands,2020-07-24,197.0,0.0,
Netherlands,2020-07-25,147.0,1.0,
Netherlands,2020-07-26,294.0,19.0,
Netherlands,2020-07-27,146.0,-18.0,
Netherlands,2020-07-28,223.0,4.0,
Netherlands,2020-07-29,248.0,2.0,
Netherlands,2020-07-30,354.0,0.0,
Netherlands,2020-07-31,341.0,0.0,
Netherlands,2020-08-01,431.0,1.0,
Netherlands,2020-08-02,387.0,2.0,
Netherlands,2020-08-03,378.0,0.0,
Netherlands,2020-08-04,493.0,1.0,
Netherlands,2020-08-05,471.0,3.0,
Netherlands,2020-08-06,715.0,0.0,
Netherlands,2020-08-07,652.0,1.0,
Netherlands,2020-08-08,600.0,4.0,
Netherlands,2020-08-09,643.0,0.0,
Netherlands,2020-08-10,698.0,0.0,
Netherlands,2020-08-11,333.0,-16.0,
Netherlands,2020-08-12,1327.0,20.0,
Netherlands,2020-08-13,688.0,5.0,
Netherlands,2020-08-14,721.0,2.0,
Netherlands,2020-08-15,762.0,2.0,
Netherlands,2020-08-16,579.0,3.0,
Netherlands,2020-08-17,512.0,0.0,
Netherlands,2020-08-18,580.0,3.0,
Netherlands,2020-08-19,658.0,7.0,
Netherlands,2020-08-20,625.0,11.0,
Netherlands,2020-08-21,613.0,4.0,
Netherlands,2020-08-22,595.0,6.0,
Netherlands,2020-08-23,519.0,0.0,
Netherlands,2020-08-24,654.0,2.0,
Netherlands,2020-08-25,459.0,6.0,
Netherlands,2020-08-26,699.0,8.0,
Netherlands,2020-08-27,602.0,3.0,
Netherlands,2020-08-28,573.0,3.0,
Netherlands,2020-08-29,571.0,5.0,
Netherlands,2020-08-30,551.0,0.0,
Netherlands,2020-08-31,553.0,0.0,
Netherlands,2020-09-01,570.0,8.0,
Netherlands,2020-09-02,858.0,7.0,
Netherlands,2020-09-03,696.0,1.0,
Netherlands,2020-09-04,817.0,2.0,
Netherlands,2020-09-05,734.0,5.0,
Netherlands,2020-09-06,950.0,2.0,
Netherlands,2020-09-07,845.0,1.0,
Netherlands,2020-09-08,1090.0,1.0,
Netherlands,2020-09-09,1293.0,2.0,
Netherlands,2020-09-10,931.0,4.0,
Netherlands,2020-09-11,1354.0,5.0,
Netherlands,2020-09-12,1339.0,1.0,
Netherlands,2020-09-13,1167.0,1.0,
Netherlands,2020-09-14,1318.0,4.0,
Netherlands,2020-09-15,1479.0,4.0,
Netherlands,2020-09-16,1752.0,3.0,
Netherlands,2020-09-17,1837.0,7.0,
Netherlands,2020-09-18,2083.0,8.0,
Netherlands,2020-09-19,1916.0,2.0,
Netherlands,2020-09-20,1956.0,4.0,
Netherlands,2020-09-21,2274.0,3.0,
Netherlands,2020-09-22,2353.0,11.0,
Netherlands,2020-09-23,2460.0,6.0,
Netherlands,2020-09-24,2595.0,17.0,
Netherlands,2020-09-25,2859.0,16.0,
Netherlands,2020-09-26,2760.0,38.0,
Netherlands,2020-09-27,3041.0,8.0,
Netherlands,2020-09-28,2950.0,6.0,
Netherlands,2020-09-29,3111.0,14.0,
Netherlands,2020-09-30,3368.0,14.0,
Netherlands,2020-10-01,3295.0,13.0,
Netherlands,2020-10-02,3883.0,12.0,
Netherlands,2020-10-03,4028.0,21.0,
Netherlands,2020-10-04,4032.0,5.0,
Netherlands,2020-10-05,4611.0,1.0,
Netherlands,2020-10-06,4576.0,29.0,
Netherlands,2020-10-07,5052.0,36.0,
Netherlands,2020-10-08,5867.0,13.0,
Netherlands,2020-10-09,6016.0,14.0,
Netherlands,2020-10-10,6546.0,23.0,
Netherlands,2020-10-11,6394.0,18.0,
Netherlands,2020-10-12,6850.0,12.0,
Netherlands,2020-10-13,7453.0,35.0,
Netherlands,2020-10-14,7351.0,31.0,
Netherlands,2020-10-15,7857.0,29.0,
Netherlands,2020-10-16,8022.0,16.0,
Netherlands,2020-10-17,8149.0,32.0,
Netherlands,2020-10-18,8233.0,14.0,
Netherlands,2020-10-19,8014.0,17.0,
Netherlands,2020-10-20,8194.0,46.0,
Netherlands,2020-10-21,8796.0,60.0,
Netherlands,2020-10-22,9310.0,47.0,
Netherlands,2020-10-23,10029.0,45.0,
Netherlands,2020-10-24,8683.0,55.0,
Netherlands,2020-10-25,10237.0,27.0,
Netherlands,2020-10-26,10365.0,26.0,
Netherlands,2020-10-27,10321.0,70.0,
Netherlands,2020-10-28,8156.0,61.0,
Netherlands,2020-10-29,10321.0,56.0,
Netherlands,2020-10-30,11172.0,87.0,
Netherlands,2020-10-31,9839.0,51.0,
Netherlands,2020-11-01,8711.0,39.0,
Netherlands,2020-11-02,8312.0,29.0,
Netherlands,2020-11-03,7777.0,113.0,
Netherlands,2020-11-04,7680.0,108.0,
Netherlands,2020-11-05,6992.0,88.0,
Netherlands,2020-11-06,7280.0,118.0,
Netherlands,2020-11-07,6715.0,74.0,
Netherlands,2020-11-08,5699.0,44.0,
Netherlands,2020-11-09,4697.0,40.0,
Netherlands,2020-11-10,4724.0,99.0,
Netherlands,2020-11-11,5469.0,75.0,
Netherlands,2020-11-12,5680.0,89.0,
Netherlands,2020-11-13,6157.0,55.0,
Netherlands,2020-11-14,5968.0,86.0,
Netherlands,2020-11-15,5460.0,43.0,
Netherlands,2020-11-16,4876.0,44.0,
Netherlands,2020-11-17,4368.0,86.0,
Netherlands,2020-11-18,4695.0,83.0,
Netherlands,2020-11-19,5741.0,74.0,
Netherlands,2020-11-20,6008.0,52.0,
Netherlands,2020-11-21,6171.0,48.0,
Netherlands,2020-11-22,5473.0,21.0,
Netherlands,2020-11-23,5208.0,54.0,
Netherlands,2020-11-24,4002.0,90.0,
Netherlands,2020-11-25,5054.0,74.0,
Netherlands,2020-11-26,4605.0,75.0,
Netherlands,2020-11-27,5883.0,83.0,
Netherlands,2020-11-28,4594.0,60.0,
Netherlands,2020-11-29,5697.0,23.0,
Netherlands,2020-11-30,4594.0,27.0,
Netherlands,2020-12-01,4199.0,65.0,
Netherlands,2020-12-02,5109.0,66.0,
Netherlands,2020-12-03,5744.0,61.0,
Netherlands,2020-12-04,6058.0,59.0,
Netherlands,2020-12-05,6676.0,39.0,
Netherlands,2020-12-06,6912.0,25.0,
Netherlands,2020-12-07,7122.0,18.0,
Netherlands,2020-12-08,6247.0,71.0,
Netherlands,2020-12-09,6646.0,66.0,
Netherlands,2020-12-10,8830.0,62.0,
Netherlands,2020-12-11,8979.0,66.0,
Netherlands,2020-12-12,9178.0,53.0,
Netherlands,2020-12-13,9937.0,30.0,
Netherlands,2020-12-14,8518.0,34.0,
Netherlands,2020-12-15,6716.0,86.0,
Netherlands,2020-12-16,11271.0,79.0,
Netherlands,2020-12-17,12871.0,75.0,
Netherlands,2020-12-18,12024.0,84.0,
Netherlands,2020-12-19,12283.0,54.0,
Netherlands,2020-12-20,13072.0,32.0,
Netherlands,2020-12-21,11218.0,28.0,
Netherlands,2020-12-22,9889.0,114.0,
Netherlands,2020-12-23,10473.0,105.0,
Netherlands,2020-12-24,11591.0,89.0,
Netherlands,2020-12-25,11545.0,101.0,
Netherlands,2020-12-26,9869.0,47.0,
Netherlands,2020-12-27,9102.0,28.0,
Netherlands,2020-12-28,7458.0,45.0,
Netherlands,2020-12-29,7592.0,170.0,
Netherlands,2020-12-30,9533.0,112.0,
Netherlands,2020-12-31,9790.0,108.0,
Netherlands,2021-01-01,8234.0,99.0,
Netherlands,2021-01-02,8633.0,36.0,
Netherlands,2021-01-03,7453.0,47.0,
Netherlands,2021-01-04,6614.0,63.0,
Netherlands,2021-01-05,6506.0,152.0,
Netherlands,2021-01-06,7238.0,174.0,
Netherlands,2021-01-07,9745.0,86.0,
Netherlands,2021-01-08,8258.0,87.0,
Netherlands,2021-01-09,7380.0,137.0,
Netherlands,2021-01-10,6655.0,55.0,
Netherlands,2021-01-11,5468.0,51.0,
Netherlands,2021-01-12,4977.0,152.0,
Netherlands,2021-01-13,6197.0,122.0,
Netherlands,2021-01-14,6566.0,89.0,
Netherlands,2021-01-15,6082.0,94.0,
Netherlands,2021-01-16,5324.0,97.0,
Netherlands,2021-01-17,5643.0,41.0,0.01
Netherlands,2021-01-18,4792.0,50.0,
Netherlands,2021-01-19,4356.0,107.0,
Netherlands,2021-01-20,5603.0,86.0,
Netherlands,2021-01-21,5842.0,89.0,
Netherlands,2021-01-22,5799.0,89.0,
Netherlands,2021-01-23,5466.0,88.0,
Netherlands,2021-01-24,4940.0,30.0,0.02
Netherlands,2021-01-25,4041.0,40.0,
Netherlands,2021-01-26,3962.0,86.0,
Netherlands,2021-01-27,4816.0,69.0,
Netherlands,2021-01-28,4730.0,84.0,
Netherlands,2021-01-29,4418.0,56.0,
Netherlands,2021-01-30,4230.0,88.0,
Netherlands,2021-01-31,3725.0,39.0,0.05
Netherlands,2021-02-01,3225.0,27.0,
Netherlands,2021-02-02,3624.0,83.0,
Netherlands,2021-02-03,4086.0,63.0,
Netherlands,2021-02-04,4258.0,65.0,
Netherlands,2021-02-05,4368.0,61.0,
Netherlands,2021-02-06,4121.0,61.0,
Netherlands,2021-02-07,3963.0,48.0,0.2
Netherlands,2021-02-08,2246.0,27.0,
Netherlands,2021-02-09,1813.0,86.0,
Netherlands,2021-02-10,3244.0,81.0,
Netherlands,2021-02-11,4431.0,72.0,
Netherlands,2021-02-12,4387.0,65.0,
Netherlands,2021-02-13,4229.0,66.0,
Netherlands,2021-02-14,3471.0,23.0,0.61
Netherlands,2021-02-15,2840.0,27.0,
Netherlands,2021-02-16,2739.0,87.0,
Netherlands,2021-02-17,3424.0,88.0,
Netherlands,2021-02-18,4572.0,73.0,
Netherlands,2021-02-19,4787.0,50.0,
Netherlands,2021-02-20,4619.0,62.0,
Netherlands,2021-02-21,4701.0,17.0,1.02
Netherlands,2021-02-22,4202.0,32.0,
Netherlands,2021-02-23,3847.0,94.0,
Netherlands,2021-02-24,4414.0,63.0,
Netherlands,2021-02-25,5044.0,32.0,
Netherlands,2021-02-26,5169.0,65.0,
Netherlands,2021-02-27,4976.0,42.0,
Netherlands,2021-02-28,4689.0,20.0,1.71
Netherlands,2021-03-01,3783.0,22.0,
Netherlands,2021-03-02,4017.0,65.0,
Netherlands,2021-03-03,5040.0,49.0,
Netherlands,2021-03-04,4162.0,33.0,
Netherlands,2021-03-05,4733.0,33.0,
Netherlands,2021-03-06,5395.0,41.0,
Netherlands,2021-03-07,4564.0,31.0,2.22
Netherlands,2021-03-08,3844.0,28.0,
Netherlands,2021-03-09,4379.0,56.0,
Netherlands,2021-03-10,5355.0,31.0,
Netherlands,2021-03-11,5421.0,50.0,
Netherlands,2021-03-12,6123.0,26.0,
Netherlands,2021-03-13,6543.0,23.0,
Netherlands,2021-03-14,6052.0,24.0,2.76
Netherlands,2021-03-15,5526.0,18.0,
Netherlands,2021-03-16,5066.0,33.0,
Netherlands,2021-03-17,6140.0,47.0,
Netherlands,2021-03-18,6338.0,34.0,
Netherlands,2021-03-19,7577.0,47.0,
Netherlands,2021-03-20,7825.0,16.0,
Netherlands,2021-03-21,7163.0,16.0,3.5
Netherlands,2021-03-22,6337.0,15.0,
Netherlands,2021-03-23,5799.0,49.0,
Netherlands,2021-03-24,7918.0,35.0,
Netherlands,2021-03-25,8018.0,26.0,
Netherlands,2021-03-26,8040.0,25.0,
Netherlands,2021-03-27,9160.0,31.0,
Netherlands,2021-03-28,7698.0,15.0,4.09
Netherlands,2021-03-29,6939.0,13.0,
Netherlands,2021-03-30,6066.0,37.0,
Netherlands,2021-03-31,8221.0,32.0,
Netherlands,2021-04-01,8321.0,24.0,
Netherlands,2021-04-02,7647.0,20.0,
Netherlands,2021-04-03,8139.0,33.0,
Netherlands,2021-04-04,7108.0,24.0,4.76
Netherlands,2021-04-05,5539.0,11.0,
Netherlands,2021-04-06,5752.0,25.0,
Netherlands,2021-04-07,6430.0,24.0,
Netherlands,2021-04-08,8292.0,23.0,
Netherlands,2021-04-09,7982.0,42.0,
Netherlands,2021-04-10,8008.0,24.0,
Netherlands,2021-04-11,8427.0,20.0,5.53
Netherlands,2021-04-12,6731.0,22.0,
Netherlands,2021-04-13,6779.0,37.0,
Netherlands,2021-04-14,5582.0,30.0,
Netherlands,2021-04-15,8890.0,15.0,
Netherlands,2021-04-16,9041.0,17.0,
Netherlands,2021-04-17,8397.0,34.0,
Netherlands,2021-04-18,8569.0,13.0,6.13
Netherlands,2021-04-19,7161.0,23.0,
Netherlands,2021-04-20,6880.0,29.0,
Netherlands,2021-04-21,8590.0,23.0,
Netherlands,2021-04-22,9682.0,24.0,
Netherlands,2021-04-23,9284.0,19.0,
Netherlands,2021-04-24,8107.0,24.0,
Netherlands,2021-04-25,8061.0,12.0,6.96
Netherlands,2021-04-26,6232.0,14.0,
Netherlands,2021-04-27,5369.0,33.0,
Netherlands,2021-04-28,8670.0,11.0,
Netherlands,2021-04-29,8689.0,33.0,
Netherlands,2021-04-30,7808.0,26.0,
Netherlands,2021-05-01,5780.0,23.0,
Netherlands,2021-05-02,5511.0,4.0,7.87
Netherlands,2021-05-03,9230.0,18.0,
Netherlands,2021-05-04,7754.0,32.0,
Netherlands,2021-05-05,7301.0,26.0,
Netherlands,2021-05-06,6803.0,24.0,
Netherlands,2021-05-07,7509.0,22.0,
Netherlands,2021-05-08,7439.0,31.0,
Netherlands,2021-05-09,6568.0,4.0,9.88
Netherlands,2021-05-10,5874.0,20.0,
Netherlands,2021-05-11,5538.0,46.0,
Netherlands,2021-05-12,6379.0,16.0,
Netherlands,2021-05-13,6040.0,15.0,
Netherlands,2021-05-14,5535.0,11.0,
Netherlands,2021-05-15,4468.0,13.0,
Netherlands,2021-05-16,4449.0,14.0,12.12
Netherlands,2021-05-17,2846.0,8.0,
Netherlands,2021-05-18,5359.0,17.0,
Netherlands,2021-05-19,4584.0,16.0,
Netherlands,2021-05-20,4670.0,20.0,
Netherlands,2021-05-21,4171.0,12.0,
Netherlands,2021-05-22,3179.0,20.0,
Netherlands,2021-05-23,3435.0,7.0,15.51
Netherlands,2021-05-24,2695.0,10.0,
Netherlands,2021-05-25,2497.0,13.0,
Netherlands,2021-05-26,2777.0,10.0,
Netherlands,2021-05-27,3344.0,16.0,
Netherlands,2021-05-28,3873.0,15.0,
Netherlands,2021-05-29,3386.0,8.0,
Netherlands,2021-05-30,2727.0,6.0,19.29
Netherlands,2021-05-31,2050.0,2.0,
Netherlands,2021-06-01,2349.0,9.0,
Netherlands,2021-06-02,2516.0,12.0,
Netherlands,2021-06-03,2765.0,14.0,
Netherlands,2021-06-04,2404.0,8.0,
Netherlands,2021-06-05,2147.0,10.0,
Netherlands,2021-06-06,1556.0,4.0,23.9
Netherlands,2021-06-07,1385.0,3.0,
Netherlands,2021-06-08,1436.0,15.0,
Netherlands,2021-06-09,1732.0,5.0,
Netherlands,2021-06-10,1575.0,6.0,
Netherlands,2021-06-11,1390.0,3.0,
Netherlands,2021-06-12,1214.0,1.0,
Netherlands,2021-06-13,1047.0,2.0,28.49
Netherlands,2021-06-14,864.0,4.0,
Netherlands,2021-06-15,1050.0,1.0,
Netherlands,2021-06-16,1044.0,4.0,
Netherlands,2021-06-17,1087.0,3.0,
Netherlands,2021-06-18,901.0,3.0,
Netherlands,2021-06-19,699.0,3.0,
Netherlands,2021-06-20,706.0,0.0,32.95
Netherlands,2021-06-21,570.0,1.0,
Netherlands,2021-06-22,700.0,3.0,
Netherlands,2021-06-23,658.0,4.0,
Netherlands,2021-06-24,722.0,3.0,
Netherlands,2021-06-25,650.0,5.0,
Netherlands,2021-06-26,563.0,0.0,
Netherlands,2021-06-27,499.0,1.0,37.43
Netherlands,2021-06-28,572.0,0.0,
Netherlands,2021-06-29,555.0,4.0,
Netherlands,2021-06-30,647.0,0.0,
Netherlands,2021-07-01,829.0,3.0,
Netherlands,2021-07-02,948.0,7.0,
Netherlands,2021-07-03,1131.0,1.0,
Netherlands,2021-07-04,1215.0,0.0,41.9
Netherlands,2021-07-05,1527.0,1.0,
Netherlands,2021-07-06,2213.0,1.0,
Netherlands,2021-07-07,3652.0,3.0,
Netherlands,2021-07-08,5444.0,2.0,
Netherlands,2021-07-09,6960.0,2.0,
Netherlands,2021-07-10,10299.0,1.0,
Netherlands,2021-07-11,9328.0,0.0,45.36
Netherlands,2021-07-12,8451.0,1.0,
Netherlands,2021-07-13,7865.0,4.0,
Netherlands,2021-07-14,10473.0,1.0,
Netherlands,2021-07-15,11076.0,3.0,
Netherlands,2021-07-16,11368.0,2.0,
Netherlands,2021-07-17,11163.0,0.0,
Netherlands,2021-07-18,10227.0,1.0,50.5
Netherlands,2021-07-19,8925.0,2.0,
Netherlands,2021-07-20,6812.0,6.0,
Netherlands,2021-07-21,6999.0,3.0,
Netherlands,2021-07-22,6340.0,3.0,
Netherlands,2021-07-23,6525.0,3.0,
Netherlands,2021-07-24,5390.0,4.0,
Netherlands,2021-07-25,4648.0,4.0,54.35
Netherlands,2021-07-26,3938.0,1.0,
Netherlands,2021-07-27,4100.0,3.0,
Netherlands,2021-07-28,3605.0,8.0,
Netherlands,2021-07-29,4543.0,4.0,
Netherlands,2021-07-30,3540.0,6.0,
Netherlands,2021-07-31,3062.0,6.0,
Netherlands,2021-08-01,2386.0,3.0,58.19
Netherlands,2021-08-02,2159.0,1.0,
Netherlands,2021-08-03,2373.0,3.0,
Netherlands,2021-08-04,2988.0,10.0,
Netherlands,2021-08-05,3476.0,11.0,
Netherlands,2021-08-06,3285.0,9.0,
Netherlands,2021-08-07,2599.0,9.0,
Netherlands,2021-08-08,2447.0,3.0,62.45
Netherlands,2021-08-09,2116.0,2.0,
Netherlands,2021-08-10,2396.0,10.0,
Netherlands,2021-08-11,2442.0,12.0,
Netherlands,2021-08-12,2808.0,9.0,
Netherlands,2021-08-13,2962.0,8.0,
Netherlands,2021-08-14,2581.0,8.0,
Netherlands,2021-08-15,2398.0,6.0,66.2
Netherlands,2021-08-16,2318.0,9.0,
Netherlands,2021-08-17,2537.0,7.0,
Netherlands,2021-08-18,2931.0,8.0,
Netherlands,2021-08-19,2806.0,10.0,
Netherlands,2021-08-20,2478.0,6.0,
Netherlands,2021-08-21,2486.0,10.0,
Netherlands,2021-08-22,2562.0,7.0,67.53
Netherlands,2021-08-23,2486.0,6.0,
Netherlands,2021-08-24,2682.0,14.0,
Netherlands,2021-08-25,2996.0,16.0,
Netherlands,2021-08-26,2792.0,10.0,
Netherlands,2021-08-27,2909.0,3.0,
Netherlands,2021-08-28,2588.0,15.0,
Netherlands,2021-08-29,2383.0,3.0,68.73
Netherlands,2021-08-30,2271.0,6.0,
Netherlands,2021-08-31,2456.0,20.0,
Netherlands,2021-09-01,2981.0,5.0,
Netherlands,2021-09-02,2907.0,12.0,
Netherlands,2021-09-03,2649.0,11.0,
Netherlands,2021-09-04,2816.0,12.0,
Netherlands,2021-09-05,2383.0,2.0,69.65
Netherlands,2021-09-06,2215.0,4.0,
Netherlands,2021-09-07,2583.0,8.0,
Netherlands,2021-09-08,2922.0,11.0,
Netherlands,2021-09-09,2480.0,6.0,
Netherlands,2021-09-10,2777.0,4.0,
Netherlands,2021-09-11,2329.0,7.0,
Netherlands,2021-09-12,50.0,1.0,70.13
Netherlands,2021-09-13,3885.0,6.0,
Netherlands,2021-09-14,2154.0,12.0,
Netherlands,2021-09-15,2437.0,7.0,
Netherlands,2021-09-16,2217.0,8.0,
Netherlands,2021-09-17,2236.0,11.0,
Netherlands,2021-09-18,2082.0,7.0,
Netherlands,2021-09-19,1740.0,5.0,70.64
Netherlands,2021-09-20,1409.0,11.0,
Netherlands,2021-09-21,1794.0,6.0,
Netherlands,2021-09-22,1989.0,4.0,
Netherlands,2021-09-23,1934.0,13.0,
Netherlands,2021-09-24,1773.0,5.0,
Netherlands,2021-09-25,1686.0,9.0,
Netherlands,2021-09-26,1651.0,2.0,71.14
Netherlands,2021-09-27,1461.0,9.0,
Netherlands,2021-09-28,1819.0,9.0,
Netherlands,2021-09-29,1831.0,6.0,
Netherlands,2021-09-30,1799.0,3.0,
Netherlands,2021-10-01,1811.0,6.0,
Netherlands,2021-10-02,1739.0,6.0,
Netherlands,2021-10-03,1652.0,2.0,71.58
Netherlands,2021-10-04,1677.0,5.0,
Netherlands,2021-10-05,1942.0,8.0,
Netherlands,2021-10-06,1976.0,7.0,
Netherlands,2021-10-07,2826.0,7.0,
Netherlands,2021-10-08,2839.0,2.0,
Netherlands,2021-10-09,2557.0,2.0,
Netherlands,2021-10-10,2294.0,1.0,71.95
Netherlands,2021-10-11,2769.0,5.0,
Netherlands,2021-10-12,2972.0,8.0,
Netherlands,2021-10-13,3772.0,13.0,
Netherlands,2021-10-14,3694.0,4.0,
Netherlands,2021-10-15,3740.0,9.0,
Netherlands,2021-10-16,3755.0,5.0,
Netherlands,2021-10-17,3700.0,6.0,72.31
Netherlands,2021-10-18,3378.0,4.0,
Netherlands,2021-10-19,3948.0,14.0,
Netherlands,2021-10-20,4633.0,11.0,
Netherlands,2021-10-21,5230.0,8.0,
Netherlands,2021-10-22,5903.0,10.0,
Netherlands,2021-10-23,5700.0,23.0,
Netherlands,2021-10-24,6311.0,2.0,72.62
Netherlands,2021-10-25,5309.0,6.0,
Netherlands,2021-10-26,5811.0,20.0,
Netherlands,2021-10-27,7304.0,17.0,
Netherlands,2021-10-28,7712.0,15.0,
Netherlands,2021-10-29,7427.0,13.0,
Netherlands,2021-10-30,7984.0,13.0,
Netherlands,2021-10-31,8196.0,14.0,72.94
Netherlands,2021-11-01,7720.0,12.0,
Netherlands,2021-11-02,7756.0,19.0,
Netherlands,2021-11-03,9132.0,33.0,
Netherlands,2021-11-04,10255.0,23.0,
Netherlands,2021-11-05,10963.0,21.0,
Netherlands,2021-11-06,11991.0,37.0,
Netherlands,2021-11-07,11376.0,8.0,73.24
Netherlands,2021-11-08,11832.0,22.0,
Netherlands,2021-11-09,11293.0,29.0,
Netherlands,2021-11-10,12723.0,25.0,
Netherlands,2021-11-11,16354.0,27.0,
Netherlands,2021-11-12,16241.0,32.0,
Netherlands,2021-11-13,13897.0,33.0,
Netherlands,2021-11-14,12052.0,6.0,73.52
Netherlands,2021-11-15,19227.0,16.0,
Netherlands,2021-11-16,20210.0,35.0,
Netherlands,2021-11-17,20803.0,45.0,
Netherlands,2021-11-18,23641.0,34.0,
Netherlands,2021-11-19,21083.0,37.0,
Netherlands,2021-11-20,21860.0,56.0,
Netherlands,2021-11-21,20685.0,11.0,73.77
Netherlands,2021-11-22,23024.0,30.0,
Netherlands,2021-11-23,23042.0,54.0,
Netherlands,2021-11-24,23783.0,51.0,
Netherlands,2021-11-25,22239.0,61.0,
Netherlands,2021-11-26,21349.0,59.0,
Netherlands,2021-11-27,22071.0,55.0,
Netherlands,2021-11-28,22172.0,45.0,74.08
Netherlands,2021-11-29,21483.0,32.0,
Netherlands,2021-11-30,22210.0,65.0,
Netherlands,2021-12-01,18595.0,46.0,
Portugal,2020-01-06,0.0,0.0,
Portugal,2020-01-18,0.0,0.0,
Portugal,2020-01-24,0.0,0.0,
Portugal,2020-02-02,0.0,0.0,
Portugal,2020-02-09,0.0,0.0,
Portugal,2020-02-15,0.0,0.0,
Portugal,2020-02-23,0.0,0.0,
Portugal,2020-02-26,0.0,0.0,
Portugal,2020-02-27,0.0,0.0,
Portugal,2020-02-28,0.0,0.0,
Portugal,2020-02-29,0.0,0.0,
Portugal,2020-03-01,0.0,0.0,
Portugal,2020-03-02,2.0,0.0,
Portugal,2020-03-03,0.0,0.0,
Portugal,2020-03-04,3.0,0.0,
Portugal,2020-03-05,3.0,0.0,
Portugal,2020-03-06,5.0,0.0,
Portugal,2020-03-07,7.0,0.0,
Portugal,2020-03-08,10.0,0.0,
Portugal,2020-03-09,0.0,0.0,
Portugal,2020-03-10,11.0,0.0,
Portugal,2020-03-11,18.0,0.0,
Portugal,2020-03-12,0.0,0.0,
Portugal,2020-03-13,53.0,0.0,
Portugal,2020-03-14,57.0,0.0,
Portugal,2020-03-15,76.0,0.0,
Portugal,2020-03-16,86.0,0.0,
Portugal,2020-03-17,117.0,1.0,
Portugal,2020-03-18,0.0,1.0,
Portugal,2020-03-19,337.0,1.0,
Portugal,2020-03-20,235.0,3.0,
Portugal,2020-03-21,260.0,6.0,
Portugal,2020-03-22,320.0,2.0,
Portugal,2020-03-23,460.0,9.0,
Portugal,2020-03-24,302.0,10.0,
Portugal,2020-03-25,633.0,10.0,
Portugal,2020-03-26,549.0,17.0,
Portugal,2020-03-27,724.0,16.0,
Portugal,2020-03-28,902.0,24.0,
Portugal,2020-03-29,792.0,19.0,
Portugal,2020-03-30,446.0,21.0,
Portugal,2020-03-31,1035.0,20.0,
Portugal,2020-04-01,808.0,27.0,
Portugal,2020-04-02,783.0,22.0,
Portugal,2020-04-03,852.0,37.0,
Portugal,2020-04-04,638.0,20.0,
Portugal,2020-04-05,754.0,29.0,
Portugal,2020-04-06,452.0,16.0,
Portugal,2020-04-07,712.0,34.0,
Portugal,2020-04-08,699.0,35.0,
Portugal,2020-04-09,815.0,29.0,
Portugal,2020-04-10,1516.0,26.0,
Portugal,2020-04-11,515.0,35.0,
Portugal,2020-04-12,598.0,34.0,
Portugal,2020-04-13,349.0,31.0,
Portugal,2020-04-14,514.0,32.0,
Portugal,2020-04-15,643.0,32.0,
Portugal,2020-04-16,750.0,30.0,
Portugal,2020-04-17,181.0,28.0,
Portugal,2020-04-18,663.0,30.0,
Portugal,2020-04-19,521.0,27.0,
Portugal,2020-04-20,657.0,21.0,
Portugal,2020-04-21,516.0,27.0,
Portugal,2020-04-22,603.0,23.0,
Portugal,2020-04-23,371.0,35.0,
Portugal,2020-04-24,444.0,34.0,
Portugal,2020-04-25,595.0,26.0,
Portugal,2020-04-26,472.0,23.0,
Portugal,2020-04-27,163.0,25.0,
Portugal,2020-04-28,295.0,20.0,
Portugal,2020-04-29,183.0,25.0,
Portugal,2020-04-30,540.0,16.0,
Portugal,2020-05-01,306.0,18.0,
Portugal,2020-05-02,-161.0,16.0,
Portugal,2020-05-03,92.0,20.0,
Portugal,2020-05-04,242.0,20.0,
Portugal,2020-05-05,178.0,11.0,
Portugal,2020-05-06,480.0,15.0,
Portugal,2020-05-07,533.0,16.0,
Portugal,2020-05-08,553.0,9.0,
Portugal,2020-05-09,138.0,12.0,
Portugal,2020-05-10,175.0,9.0,
Portugal,2020-05-11,98.0,9.0,
Portugal,2020-05-12,234.0,19.0,
Portugal,2020-05-13,219.0,12.0,
Portugal,2020-05-14,187.0,9.0,
Portugal,2020-05-15,264.0,6.0,
Portugal,2020-05-16,227.0,13.0,
Portugal,2020-05-17,226.0,15.0,
Portugal,2020-05-18,173.0,13.0,
Portugal,2020-05-19,223.0,16.0,
Portugal,2020-05-20,228.0,16.0,
Portugal,2020-05-21,252.0,14.0,
Portugal,2020-05-22,288.0,12.0,
Portugal,2020-05-23,271.0,13.0,
Portugal,2020-05-24,152.0,14.0,
Portugal,2020-05-25,165.0,14.0,
Portugal,2020-05-26,219.0,12.0,
Portugal,2020-05-27,285.0,14.0,
Portugal,2020-05-28,304.0,13.0,
Portugal,2020-05-29,350.0,14.0,
Portugal,2020-05-30,257.0,13.0,
Portugal,2020-05-31,297.0,14.0,
Portugal,2020-06-01,200.0,14.0,
Portugal,2020-06-02,195.0,12.0,
Portugal,2020-06-03,366.0,11.0,
Portugal,2020-06-04,331.0,8.0,
Portugal,2020-06-05,377.0,10.0,
Portugal,2020-06-06,382.0,9.0,
Portugal,2020-06-07,342.0,5.0,
Portugal,2020-06-08,192.0,6.0,
Portugal,2020-06-09,421.0,7.0,
Portugal,2020-06-10,294.0,5.0,
Portugal,2020-06-11,310.0,7.0,
Portugal,2020-06-12,270.0,1.0,
Portugal,2020-06-13,283.0,7.0,
Portugal,2020-06-14,227.0,5.0,
Portugal,2020-06-15,346.0,3.0,
Portugal,2020-06-16,300.0,2.0,
Portugal,2020-06-17,336.0,1.0,
Portugal,2020-06-18,417.0,1.0,
Portugal,2020-06-19,375.0,3.0,
Portugal,2020-06-20,377.0,1.0,
Portugal,2020-06-21,292.0,2.0,
Portugal,2020-06-22,259.0,4.0,
Portugal,2020-06-23,345.0,6.0,
Portugal,2020-06-24,367.0,3.0,
Portugal,2020-06-25,311.0,6.0,
Portugal,2020-06-26,451.0,6.0,
Portugal,2020-06-27,323.0,6.0,
Portugal,2020-06-28,457.0,3.0,
Portugal,2020-06-29,266.0,4.0,
Portugal,2020-06-30,229.0,8.0,
Portugal,2020-07-01,313.0,3.0,
Portugal,2020-07-02,328.0,8.0,
Portugal,2020-07-03,374.0,11.0,
Portugal,2020-07-04,413.0,7.0,
Portugal,2020-07-05,328.0,9.0,
Portugal,2020-07-06,232.0,6.0,
Portugal,2020-07-07,287.0,9.0,
Portugal,2020-07-08,443.0,2.0,
Portugal,2020-07-09,418.0,13.0,
Portugal,2020-07-10,402.0,2.0,
Portugal,2020-07-11,542.0,8.0,
Portugal,2020-07-12,291.0,6.0,
Portugal,2020-07-13,306.0,2.0,
Portugal,2020-07-14,233.0,6.0,
Portugal,2020-07-15,375.0,8.0,
Portugal,2020-07-16,339.0,3.0,
Portugal,2020-07-17,312.0,3.0,
Portugal,2020-07-18,313.0,2.0,
Portugal,2020-07-19,246.0,5.0,
Portugal,2020-07-20,135.0,2.0,
Portugal,2020-07-21,127.0,6.0,
Portugal,2020-07-22,252.0,5.0,
Portugal,2020-07-23,229.0,3.0,
Portugal,2020-07-24,313.0,7.0,
Portugal,2020-07-25,263.0,4.0,
Portugal,2020-07-26,209.0,1.0,
Portugal,2020-07-27,135.0,2.0,
Portugal,2020-07-28,111.0,3.0,
Portugal,2020-07-29,203.0,3.0,
Portugal,2020-07-30,255.0,2.0,
Portugal,2020-07-31,204.0,8.0,
Portugal,2020-08-01,238.0,2.0,
Portugal,2020-08-02,153.0,1.0,
Portugal,2020-08-03,106.0,0.0,
Portugal,2020-08-04,112.0,1.0,
Portugal,2020-08-05,167.0,1.0,
Portugal,2020-08-06,213.0,3.0,
Portugal,2020-08-07,290.0,3.0,
Portugal,2020-08-08,186.0,4.0,
Portugal,2020-08-09,131.0,6.0,
Portugal,2020-08-10,157.0,3.0,
Portugal,2020-08-11,120.0,2.0,
Portugal,2020-08-12,278.0,3.0,
Portugal,2020-08-13,325.0,6.0,
Portugal,2020-08-14,235.0,2.0,
Portugal,2020-08-15,198.0,3.0,
Portugal,2020-08-16,121.0,3.0,
Portugal,2020-08-17,132.0,1.0,
Portugal,2020-08-18,214.0,5.0,
Portugal,2020-08-19,253.0,2.0,
Portugal,2020-08-20,291.0,2.0,
Portugal,2020-08-21,219.0,4.0,
Portugal,2020-08-22,241.0,2.0,
Portugal,2020-08-23,145.0,2.0,
Portugal,2020-08-24,123.0,5.0,
Portugal,2020-08-25,192.0,4.0,
Portugal,2020-08-26,362.0,2.0,
Portugal,2020-08-27,399.0,2.0,
Portugal,2020-08-28,401.0,6.0,
Portugal,2020-08-29,374.0,3.0,
Portugal,2020-08-30,320.0,1.0,
Portugal,2020-08-31,244.0,3.0,
Portugal,2020-09-01,231.0,2.0,
Portugal,2020-09-02,390.0,3.0,
Portugal,2020-09-03,418.0,2.0,
Portugal,2020-09-04,406.0,4.0,
Portugal,2020-09-05,486.0,5.0,
Portugal,2020-09-06,315.0,2.0,
Portugal,2020-09-07,249.0,3.0,
Portugal,2020-09-08,388.0,3.0,
Portugal,2020-09-09,646.0,3.0,
Portugal,2020-09-10,585.0,3.0,
Portugal,2020-09-11,687.0,3.0,
Portugal,2020-09-12,497.0,5.0,
Portugal,2020-09-13,673.0,7.0,
Portugal,2020-09-14,613.0,4.0,
Portugal,2020-09-15,425.0,4.0,
Portugal,2020-09-16,605.0,3.0,
Portugal,2020-09-17,770.0,10.0,
Portugal,2020-09-18,780.0,6.0,
Portugal,2020-09-19,849.0,5.0,
Portugal,2020-09-20,552.0,13.0,
Portugal,2020-09-21,623.0,8.0,
Portugal,2020-09-22,463.0,5.0,
Portugal,2020-09-23,802.0,3.0,
Portugal,2020-09-24,691.0,3.0,
Portugal,2020-09-25,899.0,5.0,
Portugal,2020-09-26,884.0,8.0,
Portugal,2020-09-27,665.0,9.0,
Portugal,2020-09-28,425.0,4.0,
Portugal,2020-09-29,688.0,6.0,
Portugal,2020-09-30,825.0,8.0,
Portugal,2020-10-01,854.0,6.0,
Portugal,2020-10-02,888.0,6.0,
Portugal,2020-10-03,963.0,12.0,
Portugal,2020-10-04,904.0,10.0,
Portugal,2020-10-05,734.0,13.0,
Portugal,2020-10-06,427.0,14.0,
Portugal,2020-10-07,944.0,8.0,
Portugal,2020-10-08,1278.0,10.0,
Portugal,2020-10-09,1394.0,12.0,
Portugal,2020-10-10,1646.0,5.0,
Portugal,2020-10-11,1090.0,13.0,
Portugal,2020-10-12,1249.0,14.0,
Portugal,2020-10-13,1208.0,16.0,
Portugal,2020-10-14,2072.0,7.0,
Portugal,2020-10-15,2101.0,11.0,
Portugal,2020-10-16,2608.0,21.0,
Portugal,2020-10-17,2153.0,13.0,
Portugal,2020-10-18,1856.0,19.0,
Portugal,2020-10-19,1949.0,17.0,
Portugal,2020-10-20,1876.0,15.0,
Portugal,2020-10-21,2535.0,16.0,
Portugal,2020-10-22,3270.0,16.0,
Portugal,2020-10-23,2899.0,31.0,
Portugal,2020-10-24,3669.0,21.0,
Portugal,2020-10-25,2577.0,19.0,
Portugal,2020-10-26,2447.0,27.0,
Portugal,2020-10-27,3299.0,28.0,
Portugal,2020-10-28,3960.0,24.0,
Portugal,2020-10-29,4224.0,33.0,
Portugal,2020-10-30,4656.0,40.0,
Portugal,2020-10-31,4007.0,39.0,
Portugal,2020-11-01,3062.0,37.0,
Portugal,2020-11-02,2506.0,46.0,
Portugal,2020-11-03,2596.0,45.0,
Portugal,2020-11-04,7497.0,59.0,
Portugal,2020-11-05,4410.0,46.0,
Portugal,2020-11-06,5550.0,52.0,
Portugal,2020-11-07,6640.0,56.0,
Portugal,2020-11-08,5784.0,48.0,
Portugal,2020-11-09,4096.0,63.0,
Portugal,2020-11-10,3817.0,62.0,
Portugal,2020-11-11,4935.0,82.0,
Portugal,2020-11-12,5839.0,78.0,
Portugal,2020-11-13,6653.0,69.0,
Portugal,2020-11-14,6602.0,55.0,
Portugal,2020-11-15,6035.0,76.0,
Portugal,2020-11-16,8371.0,91.0,
Portugal,2020-11-17,4452.0,81.0,
Portugal,2020-11-18,5891.0,79.0,
Portugal,2020-11-19,6994.0,69.0,
Portugal,2020-11-20,6489.0,61.0,
Portugal,2020-11-21,6472.0,62.0,
Portugal,2020-11-22,4788.0,73.0,
Portugal,2020-11-23,4044.0,74.0,
Portugal,2020-11-24,3919.0,85.0,
Portugal,2020-11-25,5290.0,71.0,
Portugal,2020-11-26,6383.0,82.0,
Portugal,2020-11-27,5444.0,67.0,
Portugal,2020-11-28,4868.0,87.0,
Portugal,2020-11-29,4093.0,64.0,
Portugal,2020-11-30,3262.0,78.0,
Portugal,2020-12-01,2401.0,72.0,
Portugal,2020-12-02,3384.0,68.0,
Portugal,2020-12-03,3772.0,79.0,
Portugal,2020-12-04,4935.0,79.0,
Portugal,2020-12-05,6087.0,73.0,
Portugal,2020-12-06,3834.0,87.0,
Portugal,2020-12-07,2597.0,78.0,
Portugal,2020-12-08,2905.0,81.0,
Portugal,2020-12-09,4097.0,70.0,
Portugal,2020-12-10,3134.0,86.0,
Portugal,2020-12-11,5080.0,95.0,
Portugal,2020-12-12,4413.0,88.0,
Portugal,2020-12-13,4044.0,98.0,
Portugal,2020-12-14,2194.0,90.0,
Portugal,2020-12-15,2638.0,84.0,
Portugal,2020-12-16,4720.0,82.0,
Portugal,2020-12-17,4320.0,87.0,
Portugal,2020-12-18,4336.0,75.0,
Portugal,2020-12-19,3835.0,86.0,
Portugal,2020-12-20,3334.0,71.0,
Portugal,2020-12-21,2099.0,57.0,
Portugal,2020-12-22,2436.0,63.0,
Portugal,2020-12-23,4602.0,89.0,
Portugal,2020-12-24,4378.0,70.0,
Portugal,2020-12-25,4146.0,65.0,
Portugal,2020-12-26,1214.0,78.0,
Portugal,2020-12-27,1577.0,63.0,
Portugal,2020-12-28,2093.0,58.0,
Portugal,2020-12-29,3336.0,74.0,
Portugal,2020-12-30,6049.0,79.0,
Portugal,2020-12-31,7627.0,76.0,
Portugal,2021-01-01,6951.0,66.0,
Portugal,2021-01-02,3241.0,73.0,
Portugal,2021-01-03,3384.0,73.0,
Portugal,2021-01-04,4369.0,78.0,
Portugal,2021-01-05,4956.0,90.0,
Portugal,2021-01-06,10027.0,91.0,
Portugal,2021-01-07,9927.0,95.0,
Portugal,2021-01-08,10176.0,118.0,
Portugal,2021-01-09,9478.0,111.0,
Portugal,2021-01-10,7502.0,102.0,
Portugal,2021-01-11,5604.0,122.0,0.0
Portugal,2021-01-12,7259.0,155.0,0.0
Portugal,2021-01-13,10556.0,156.0,0.0
Portugal,2021-01-14,10698.0,148.0,0.0
Portugal,2021-01-15,10663.0,159.0,0.0
Portugal,2021-01-16,10947.0,166.0,0.0
Portugal,2021-01-17,10385.0,152.0,0.01
Portugal,2021-01-18,6702.0,167.0,0.01
Portugal,2021-01-19,10455.0,218.0,0.09
Portugal,2021-01-20,14647.0,219.0,0.18
Portugal,2021-01-21,13544.0,221.0,0.23
Portugal,2021-01-22,13987.0,234.0,0.25
Portugal,2021-01-23,15333.0,274.0,0.29
Portugal,2021-01-24,11721.0,275.0,0.3
Portugal,2021-01-25,6923.0,252.0,
Portugal,2021-01-26,10765.0,291.0,
Portugal,2021-01-27,15073.0,293.0,
Portugal,2021-01-28,16432.0,303.0,
Portugal,2021-01-29,13200.0,278.0,
Portugal,2021-01-30,12435.0,293.0,0.64
Portugal,2021-01-31,9498.0,303.0,0.67
Portugal,2021-02-01,5805.0,275.0,0.79
Portugal,2021-02-02,5540.0,260.0,0.81
Portugal,2021-02-03,9083.0,240.0,0.86
Portugal,2021-02-04,7914.0,225.0,0.95
Portugal,2021-02-05,6916.0,258.0,1.05
Portugal,2021-02-06,6132.0,214.0,1.14
Portugal,2021-02-07,3508.0,204.0,1.14
Portugal,2021-02-08,2505.0,196.0,1.16
Portugal,2021-02-09,2583.0,203.0,1.18
Portugal,2021-02-10,4387.0,161.0,1.28
Portugal,2021-02-11,3480.0,167.0,1.44
Portugal,2021-02-12,2854.0,149.0,1.68
Portugal,2021-02-13,2856.0,149.0,1.95
Portugal,2021-02-14,1677.0,138.0,2.05
Portugal,2021-02-15,1303.0,90.0,2.15
Portugal,2021-02-16,1502.0,111.0,2.2
Portugal,2021-02-17,2324.0,127.0,2.26
Portugal,2021-02-18,1944.0,105.0,2.34
Portugal,2021-02-19,1940.0,67.0,2.46
Portugal,2021-02-20,1570.0,76.0,2.59
Portugal,2021-02-21,1186.0,65.0,2.62
Portugal,2021-02-22,549.0,61.0,2.65
Portugal,2021-02-23,1032.0,63.0,2.66
Portugal,2021-02-24,1480.0,50.0,2.69
Portugal,2021-02-25,1160.0,49.0,2.72
Portugal,2021-02-26,1027.0,58.0,2.75
Portugal,2021-02-27,1071.0,33.0,2.8
Portugal,2021-02-28,718.0,41.0,2.82
Portugal,2021-03-01,394.0,34.0,2.86
Portugal,2021-03-02,691.0,38.0,2.87
Portugal,2021-03-03,979.0,41.0,2.89
Portugal,2021-03-04,830.0,28.0,2.94
Portugal,2021-03-05,949.0,28.0,2.99
Portugal,2021-03-06,1007.0,26.0,3.08
Portugal,2021-03-07,682.0,28.0,3.12
Portugal,2021-03-08,365.0,25.0,3.19
Portugal,2021-03-09,847.0,30.0,3.22
Portugal,2021-03-10,642.0,22.0,3.24
Portugal,2021-03-11,627.0,18.0,3.32
Portugal,2021-03-12,577.0,15.0,3.46
Portugal,2021-03-13,564.0,19.0,3.6
Portugal,2021-03-14,541.0,15.0,3.65
Portugal,2021-03-15,256.0,10.0,3.71
Portugal,2021-03-16,384.0,13.0,3.74
Portugal,2021-03-17,673.0,15.0,3.8
Portugal,2021-03-18,485.0,21.0,4.02
Portugal,2021-03-19,568.0,11.0,4.34
Portugal,2021-03-20,457.0,8.0,4.62
Portugal,2021-03-21,450.0,6.0,4.75
Portugal,2021-03-22,248.0,16.0,4.8
Portugal,2021-03-23,434.0,10.0,4.88
Portugal,2021-03-24,575.0,11.0,4.9
Portugal,2021-03-25,423.0,9.0,4.93
Portugal,2021-03-26,488.0,5.0,4.98
Portugal,2021-03-27,344.0,8.0,5.0
Portugal,2021-03-28,365.0,10.0,5.02
Portugal,2021-03-29,309.0,6.0,5.03
Portugal,2021-03-30,388.0,2.0,5.05
Portugal,2021-03-31,618.0,3.0,5.09
Portugal,2021-04-01,592.0,11.0,5.18
Portugal,2021-04-02,548.0,9.0,5.6
Portugal,2021-04-03,280.0,7.0,5.76
Portugal,2021-04-04,193.0,4.0,5.83
Portugal,2021-04-05,159.0,6.0,5.87
Portugal,2021-04-06,874.0,2.0,5.93
Portugal,2021-04-07,663.0,3.0,5.96
Portugal,2021-04-08,602.0,9.0,6.06
Portugal,2021-04-09,694.0,5.0,6.21
Portugal,2021-04-10,601.0,6.0,6.33
Portugal,2021-04-11,566.0,6.0,6.35
Portugal,2021-04-12,271.0,2.0,6.4
Portugal,2021-04-13,408.0,5.0,6.43
Portugal,2021-04-14,684.0,8.0,6.44
Portugal,2021-04-15,501.0,2.0,6.55
Portugal,2021-04-16,553.0,4.0,6.65
Portugal,2021-04-17,649.0,5.0,6.85
Portugal,2021-04-18,441.0,3.0,6.9
Portugal,2021-04-19,220.0,1.0,6.95
Portugal,2021-04-20,424.0,5.0,7.06
Portugal,2021-04-21,610.0,1.0,7.15
Portugal,2021-04-22,636.0,4.0,7.38
Portugal,2021-04-23,506.0,1.0,7.77
Portugal,2021-04-24,567.0,2.0,8.14
Portugal,2021-04-25,478.0,6.0,8.27
Portugal,2021-04-26,196.0,0.0,8.34
Portugal,2021-04-27,353.0,5.0,8.42
Portugal,2021-04-28,572.0,3.0,8.52
Portugal,2021-04-29,470.0,1.0,8.71
Portugal,2021-04-30,460.0,0.0,8.89
Portugal,2021-05-01,454.0,2.0,9.05
Portugal,2021-05-02,330.0,1.0,9.15
Portugal,2021-05-03,180.0,0.0,9.24
Portugal,2021-05-04,258.0,4.0,9.37
Portugal,2021-05-05,387.0,2.0,9.54
Portugal,2021-05-06,373.0,5.0,9.95
Portugal,2021-05-07,377.0,1.0,10.46
Portugal,2021-05-08,406.0,2.0,11.02
Portugal,2021-05-09,324.0,1.0,11.15
Portugal,2021-05-10,158.0,1.0,11.42
Portugal,2021-05-11,268.0,1.0,11.61
Portugal,2021-05-12,485.0,4.0,11.77
Portugal,2021-05-13,436.0,1.0,11.92
Portugal,2021-05-14,450.0,0.0,12.11
Portugal,2021-05-15,469.0,7.0,12.66
Portugal,2021-05-16,334.0,1.0,13.88
Portugal,2021-05-17,199.0,2.0,14.45
Portugal,2021-05-18,386.0,2.0,14.65
Portugal,2021-05-19,511.0,2.0,14.88
Portugal,2021-05-20,451.0,1.0,15.15
Portugal,2021-05-21,559.0,3.0,15.42
Portugal,2021-05-22,523.0,0.0,15.78
Portugal,2021-05-23,413.0,0.0,16.12
Portugal,2021-05-24,241.0,1.0,16.73
Portugal,2021-05-25,375.0,3.0,16.97
Portugal,2021-05-26,594.0,1.0,17.16
Portugal,2021-05-27,572.0,0.0,17.59
Portugal,2021-05-28,598.0,1.0,18.15
Portugal,2021-05-29,609.0,0.0,18.79
Portugal,2021-05-30,445.0,0.0,19.17
Portugal,2021-05-31,435.0,2.0,20.2
Portugal,2021-06-01,445.0,0.0,20.58
Portugal,2021-06-02,724.0,1.0,21.04
Portugal,2021-06-03,769.0,3.0,21.4
Portugal,2021-06-04,430.0,0.0,21.69
Portugal,2021-06-05,573.0,3.0,22.1
Portugal,2021-06-06,612.0,2.0,22.54
Portugal,2021-06-07,388.0,2.0,23.7
Portugal,2021-06-08,598.0,1.0,24.2
Portugal,2021-06-09,890.0,0.0,24.53
Portugal,2021-06-10,910.0,6.0,24.87
Portugal,2021-06-11,519.0,1.0,25.24
Portugal,2021-06-12,789.0,1.0,25.5
Portugal,2021-06-13,707.0,2.0,25.56
Portugal,2021-06-14,625.0,0.0,26.37
Portugal,2021-06-15,973.0,2.0,26.73
Portugal,2021-06-16,1350.0,6.0,27.23
Portugal,2021-06-17,1233.0,2.0,27.72
Portugal,2021-06-18,1298.0,4.0,28.41
Portugal,2021-06-19,1183.0,1.0,28.68
Portugal,2021-06-20,941.0,3.0,29.57
Portugal,2021-06-21,756.0,3.0,30.41
Portugal,2021-06-22,1020.0,6.0,30.56
Portugal,2021-06-23,1497.0,3.0,31.07
Portugal,2021-06-24,1556.0,2.0,31.56
Portugal,2021-06-25,1604.0,2.0,32.03
Portugal,2021-06-26,1568.0,2.0,32.47
Portugal,2021-06-27,1496.0,1.0,32.83
Portugal,2021-06-28,902.0,2.0,34.08
Portugal,2021-06-29,1746.0,6.0,34.59
Portugal,2021-06-30,2362.0,4.0,
Portugal,2021-07-01,2449.0,5.0,
Portugal,2021-07-02,2436.0,7.0,
Portugal,2021-07-03,2605.0,4.0,
Portugal,2021-07-04,2041.0,0.0,
Portugal,2021-07-05,1483.0,5.0,38.63
Portugal,2021-07-06,2170.0,1.0,39.4
Portugal,2021-07-07,3285.0,8.0,40.29
Portugal,2021-07-08,3269.0,9.0,
Portugal,2021-07-09,3194.0,7.0,
Portugal,2021-07-10,3162.0,6.0,
Portugal,2021-07-11,2323.0,8.0,
Portugal,2021-07-12,1782.0,8.0,45.11
Portugal,2021-07-13,2650.0,9.0,45.83
Portugal,2021-07-14,4153.0,9.0,46.41
Portugal,2021-07-15,3641.0,5.0,47.04
Portugal,2021-07-16,3547.0,7.0,47.64
Portugal,2021-07-17,3677.0,5.0,48.28
Portugal,2021-07-18,3261.0,8.0,48.7
Portugal,2021-07-19,1855.0,8.0,50.57
Portugal,2021-07-20,2706.0,4.0,51.13
Portugal,2021-07-21,4376.0,13.0,51.66
Portugal,2021-07-22,3622.0,16.0,52.23
Portugal,2021-07-23,3794.0,16.0,52.81
Portugal,2021-07-24,3396.0,20.0,53.4
Portugal,2021-07-25,2625.0,8.0,53.95
Portugal,2021-07-26,1610.0,9.0,56.05
Portugal,2021-07-27,2316.0,6.0,56.65
Portugal,2021-07-28,3452.0,13.0,57.22
Portugal,2021-07-29,3009.0,10.0,57.8
Portugal,2021-07-30,2595.0,14.0,58.37
Portugal,2021-07-31,2590.0,17.0,58.96
Portugal,2021-08-01,2306.0,8.0,
Portugal,2021-08-02,1190.0,9.0,61.28
Portugal,2021-08-03,2076.0,19.0,61.87
Portugal,2021-08-04,3203.0,15.0,62.43
Portugal,2021-08-05,2581.0,10.0,63.02
Portugal,2021-08-06,2377.0,18.0,63.66
Portugal,2021-08-07,2621.0,17.0,64.25
Portugal,2021-08-08,1982.0,10.0,64.77
Portugal,2021-08-09,1094.0,18.0,66.61
Portugal,2021-08-10,2232.0,17.0,66.97
Portugal,2021-08-11,2948.0,12.0,67.34
Portugal,2021-08-12,2708.0,11.0,67.65
Portugal,2021-08-13,2598.0,12.0,68.1
Portugal,2021-08-14,2571.0,12.0,68.49
Portugal,2021-08-15,2217.0,13.0,68.53
Portugal,2021-08-16,1135.0,11.0,70.59
Portugal,2021-08-17,2118.0,11.0,70.9
Portugal,2021-08-18,2983.0,17.0,71.15
Portugal,2021-08-19,2554.0,12.0,71.34
Portugal,2021-08-20,2507.0,9.0,71.49
Portugal,2021-08-21,2676.0,8.0,71.73
Portugal,2021-08-22,2112.0,9.0,71.75
Portugal,2021-08-23,1126.0,6.0,73.41
Portugal,2021-08-24,2261.0,13.0,73.55
Portugal,2021-08-25,3062.0,16.0,73.68
Portugal,2021-08-26,2552.0,15.0,73.83
Portugal,2021-08-27,2370.0,14.0,73.98
Portugal,2021-08-28,2374.0,8.0,74.2
Portugal,2021-08-29,1782.0,10.0,74.24
Portugal,2021-08-30,1072.0,9.0,75.17
Portugal,2021-08-31,1908.0,13.0,75.4
Portugal,2021-09-01,1565.0,14.0,75.67
Portugal,2021-09-02,2830.0,9.0,76.0
Portugal,2021-09-03,1822.0,6.0,76.25
Portugal,2021-09-04,1713.0,13.0,
Portugal,2021-09-05,1190.0,13.0,77.51
Portugal,2021-09-06,663.0,12.0,78.43
Portugal,2021-09-07,1231.0,6.0,78.77
Portugal,2021-09-08,1778.0,10.0,79.07
Portugal,2021-09-09,1408.0,10.0,79.37
Portugal,2021-09-10,1323.0,7.0,79.67
Portugal,2021-09-11,1223.0,10.0,79.96
Portugal,2021-09-12,911.0,8.0,81.1
Portugal,2021-09-13,458.0,5.0,81.62
Portugal,2021-09-14,1058.0,6.0,82.07
Portugal,2021-09-15,1247.0,10.0,
Portugal,2021-09-16,1062.0,6.0,
Portugal,2021-09-17,1023.0,7.0,
Portugal,2021-09-18,939.0,7.0,
Portugal,2021-09-19,677.0,5.0,
Portugal,2021-09-20,272.0,7.0,84.06
Portugal,2021-09-21,780.0,11.0,84.37
Portugal,2021-09-22,891.0,8.0,84.55
Portugal,2021-09-23,885.0,5.0,
Portugal,2021-09-24,757.0,9.0,
Portugal,2021-09-25,713.0,5.0,
Portugal,2021-09-26,599.0,2.0,85.16
Portugal,2021-09-27,230.0,1.0,85.34
Portugal,2021-09-28,600.0,7.0,
Portugal,2021-09-29,755.0,6.0,
Portugal,2021-09-30,749.0,7.0,
Portugal,2021-10-01,696.0,4.0,
Portugal,2021-10-02,690.0,7.0,
Portugal,2021-10-03,449.0,7.0,
Portugal,2021-10-04,193.0,7.0,85.99
Portugal,2021-10-05,730.0,4.0,
Portugal,2021-10-06,500.0,4.0,
Portugal,2021-10-07,731.0,11.0,
Portugal,2021-10-08,841.0,8.0,
Portugal,2021-10-09,704.0,7.0,
Portugal,2021-10-10,499.0,7.0,
Portugal,2021-10-11,327.0,7.0,86.46
Portugal,2021-10-12,719.0,8.0,
Portugal,2021-10-13,828.0,9.0,
Portugal,2021-10-14,777.0,6.0,
Portugal,2021-10-15,766.0,7.0,
Portugal,2021-10-16,612.0,10.0,
Portugal,2021-10-17,465.0,9.0,
Portugal,2021-10-18,291.0,3.0,86.86
Portugal,2021-10-19,832.0,6.0,
Portugal,2021-10-20,927.0,3.0,
Portugal,2021-10-21,865.0,8.0,
Portugal,2021-10-22,930.0,8.0,
Portugal,2021-10-23,883.0,4.0,
Portugal,2021-10-24,604.0,4.0,
Portugal,2021-10-25,313.0,5.0,87.19
Portugal,2021-10-26,829.0,3.0,
Portugal,2021-10-27,965.0,3.0,
Portugal,2021-10-28,888.0,5.0,
Portugal,2021-10-29,844.0,4.0,
Portugal,2021-10-30,911.0,3.0,
Portugal,2021-10-31,763.0,1.0,
Portugal,2021-11-01,491.0,5.0,87.41
Portugal,2021-11-02,450.0,9.0,
Portugal,2021-11-03,1074.0,9.0,
Portugal,2021-11-04,1382.0,4.0,
Portugal,2021-11-05,1289.0,9.0,
Portugal,2021-11-06,1197.0,5.0,
Portugal,2021-11-07,1023.0,5.0,
Portugal,2021-11-08,568.0,6.0,87.58
Portugal,2021-11-09,1182.0,8.0,
Portugal,2021-11-10,1654.0,5.0,
Portugal,2021-11-11,1477.0,9.0,
Portugal,2021-11-12,1751.0,3.0,
Portugal,2021-11-13,1816.0,8.0,
Portugal,2021-11-14,1483.0,15.0,
Portugal,2021-11-15,974.0,8.0,87.78
Portugal,2021-11-16,1693.0,9.0,
Portugal,2021-11-17,2527.0,9.0,
Portugal,2021-11-18,2398.0,12.0,
Portugal,2021-11-19,2371.0,5.0,
Portugal,2021-11-20,2333.0,10.0,
Portugal,2021-11-21,2499.0,11.0,
Portugal,2021-11-22,1475.0,18.0,
Portugal,2021-11-23,2560.0,14.0,
Portugal,2021-11-24,3773.0,17.0,
Portugal,2021-11-25,3150.0,15.0,
Portugal,2021-11-26,3205.0,8.0,
Portugal,2021-11-27,3364.0,12.0,
Portugal,2021-11-28,2897.0,12.0,
Portugal,2021-11-29,1635.0,13.0,
Portugal,2021-11-30,2907.0,11.0,
Portugal,2021-12-01,4670.0,17.0,
Sweden,2020-02-01,1.0,0.0,
Sweden,2020-02-02,0.0,0.0,
Sweden,2020-02-03,0.0,0.0,
Sweden,2020-02-04,0.0,0.0,
Sweden,2020-02-05,0.0,0.0,
Sweden,2020-02-06,0.0,0.0,
Sweden,2020-02-07,0.0,0.0,
Sweden,2020-02-08,0.0,0.0,
Sweden,2020-02-09,0.0,0.0,
Sweden,2020-02-10,0.0,0.0,
Sweden,2020-02-11,0.0,0.0,
Sweden,2020-02-12,0.0,0.0,
Sweden,2020-02-13,0.0,0.0,
Sweden,2020-02-14,0.0,0.0,
Sweden,2020-02-15,0.0,0.0,
Sweden,2020-02-16,0.0,0.0,
Sweden,2020-02-17,0.0,0.0,
Sweden,2020-02-18,0.0,0.0,
Sweden,2020-02-19,0.0,0.0,
Sweden,2020-02-20,0.0,0.0,
Sweden,2020-02-21,0.0,0.0,
Sweden,2020-02-22,0.0,0.0,
Sweden,2020-02-23,0.0,0.0,
Sweden,2020-02-24,0.0,0.0,
Sweden,2020-02-25,0.0,0.0,
Sweden,2020-02-26,1.0,0.0,
Sweden,2020-02-27,1.0,0.0,
Sweden,2020-02-28,8.0,0.0,
Sweden,2020-02-29,3.0,0.0,
Sweden,2020-03-01,0.0,0.0,
Sweden,2020-03-02,5.0,0.0,
Sweden,2020-03-03,13.0,0.0,
Sweden,2020-03-04,30.0,0.0,
Sweden,2020-03-05,25.0,0.0,
Sweden,2020-03-06,59.0,0.0,
Sweden,2020-03-07,33.0,0.0,
Sweden,2020-03-08,46.0,0.0,
Sweden,2020-03-09,101.0,0.0,
Sweden,2020-03-10,98.0,1.0,
Sweden,2020-03-11,196.0,0.0,
Sweden,2020-03-12,151.0,1.0,
Sweden,2020-03-13,152.0,1.0,
Sweden,2020-03-14,71.0,2.0,
Sweden,2020-03-15,69.0,2.0,
Sweden,2020-03-16,83.0,1.0,
Sweden,2020-03-17,119.0,6.0,
Sweden,2020-03-18,145.0,7.0,
Sweden,2020-03-19,143.0,9.0,
Sweden,2020-03-20,180.0,8.0,
Sweden,2020-03-21,135.0,11.0,
Sweden,2020-03-22,118.0,11.0,
Sweden,2020-03-23,182.0,21.0,
Sweden,2020-03-24,230.0,22.0,
Sweden,2020-03-25,314.0,31.0,
Sweden,2020-03-26,286.0,32.0,
Sweden,2020-03-27,365.0,35.0,
Sweden,2020-03-28,300.0,38.0,
Sweden,2020-03-29,280.0,45.0,
Sweden,2020-03-30,416.0,48.0,
Sweden,2020-03-31,475.0,53.0,
Sweden,2020-04-01,486.0,70.0,
Sweden,2020-04-02,554.0,80.0,
Sweden,2020-04-03,601.0,70.0,
Sweden,2020-04-04,357.0,-232.0,
Sweden,2020-04-05,340.0,28.0,
Sweden,2020-04-06,389.0,76.0,
Sweden,2020-04-07,738.0,114.0,
Sweden,2020-04-08,655.0,96.0,
Sweden,2020-04-09,645.0,106.0,
Sweden,2020-04-10,454.0,77.0,
Sweden,2020-04-11,395.0,17.0,
Sweden,2020-04-12,464.0,12.0,
Sweden,2020-04-13,437.0,20.0,
Sweden,2020-04-14,479.0,114.0,
Sweden,2020-04-15,604.0,170.0,
Sweden,2020-04-16,623.0,130.0,
Sweden,2020-04-17,688.0,67.0,
Sweden,2020-04-18,532.0,111.0,
Sweden,2020-04-19,388.0,29.0,
Sweden,2020-04-20,461.0,40.0,
Sweden,2020-04-21,707.0,185.0,
Sweden,2020-04-22,722.0,172.0,
Sweden,2020-04-23,758.0,84.0,
Sweden,2020-04-24,779.0,131.0,
Sweden,2020-04-25,473.0,40.0,
Sweden,2020-04-26,300.0,2.0,
Sweden,2020-04-27,563.0,80.0,
Sweden,2020-04-28,742.0,81.0,
Sweden,2020-04-29,798.0,107.0,
Sweden,2020-04-30,635.0,124.0,
Sweden,2020-05-01,532.0,67.0,
Sweden,2020-05-02,299.0,16.0,
Sweden,2020-05-03,261.0,10.0,
Sweden,2020-05-04,476.0,90.0,
Sweden,2020-05-05,657.0,85.0,
Sweden,2020-05-06,746.0,87.0,
Sweden,2020-05-07,787.0,99.0,
Sweden,2020-05-08,700.0,135.0,
Sweden,2020-05-09,509.0,45.0,
Sweden,2020-05-10,278.0,5.0,
Sweden,2020-05-11,455.0,31.0,
Sweden,2020-05-12,754.0,57.0,
Sweden,2020-05-13,700.0,147.0,
Sweden,2020-05-14,660.0,69.0,
Sweden,2020-05-15,688.0,117.0,
Sweden,2020-05-16,358.0,28.0,
Sweden,2020-05-17,259.0,5.0,
Sweden,2020-05-18,431.0,19.0,
Sweden,2020-05-19,667.0,45.0,
Sweden,2020-05-20,808.0,88.0,
Sweden,2020-05-21,610.0,40.0,
Sweden,2020-05-22,532.0,54.0,
Sweden,2020-05-23,403.0,67.0,
Sweden,2020-05-24,210.0,6.0,
Sweden,2020-05-25,490.0,31.0,
Sweden,2020-05-26,746.0,96.0,
Sweden,2020-05-27,800.0,95.0,
Sweden,2020-05-28,774.0,46.0,
Sweden,2020-05-29,773.0,84.0,
Sweden,2020-05-30,432.0,45.0,
Sweden,2020-05-31,265.0,0.0,
Sweden,2020-06-01,648.0,8.0,
Sweden,2020-06-02,901.0,65.0,
Sweden,2020-06-03,1046.0,74.0,
Sweden,2020-06-04,1039.0,20.0,
Sweden,2020-06-05,1146.0,77.0,
Sweden,2020-06-06,783.0,17.0,
Sweden,2020-06-07,462.0,3.0,
Sweden,2020-06-08,677.0,35.0,
Sweden,2020-06-09,936.0,23.0,
Sweden,2020-06-10,1437.0,78.0,
Sweden,2020-06-11,1294.0,19.0,
Sweden,2020-06-12,1337.0,40.0,
Sweden,2020-06-13,1042.0,20.0,
Sweden,2020-06-14,418.0,0.0,
Sweden,2020-06-15,684.0,17.0,
Sweden,2020-06-16,1218.0,48.0,
Sweden,2020-06-17,1457.0,102.0,
Sweden,2020-06-18,1496.0,12.0,
Sweden,2020-06-19,1213.0,0.0,
Sweden,2020-06-20,702.0,0.0,
Sweden,2020-06-21,321.0,0.0,
Sweden,2020-06-22,800.0,0.0,
Sweden,2020-06-23,1312.0,108.0,
Sweden,2020-06-24,1698.0,48.0,
Sweden,2020-06-25,1281.0,21.0,
Sweden,2020-06-26,1203.0,50.0,
Sweden,2020-06-27,760.0,0.0,
Sweden,2020-06-28,420.0,0.0,
Sweden,2020-06-29,727.0,0.0,
Sweden,2020-06-30,805.0,53.0,
Sweden,2020-07-01,684.0,37.0,
Sweden,2020-07-02,689.0,41.0,
Sweden,2020-07-03,699.0,9.0,
Sweden,2020-07-04,370.0,0.0,
Sweden,2020-07-05,315.0,0.0,
Sweden,2020-07-06,251.0,0.0,
Sweden,2020-07-07,278.0,27.0,
Sweden,2020-07-08,537.0,35.0,
Sweden,2020-07-09,335.0,18.0,
Sweden,2020-07-10,377.0,26.0,
Sweden,2020-07-11,314.0,0.0,
Sweden,2020-07-12,106.0,0.0,
Sweden,2020-07-13,170.0,0.0,
Sweden,2020-07-14,315.0,19.0,
Sweden,2020-07-15,299.0,27.0,
Sweden,2020-07-16,273.0,21.0,
Sweden,2020-07-17,299.0,26.0,
Sweden,2020-07-18,200.0,0.0,
Sweden,2020-07-19,110.0,0.0,
Sweden,2020-07-20,131.0,0.0,
Sweden,2020-07-21,226.0,27.0,
Sweden,2020-07-22,297.0,21.0,
Sweden,2020-07-23,220.0,9.0,
Sweden,2020-07-24,262.0,21.0,
Sweden,2020-07-25,138.0,0.0,
Sweden,2020-07-26,42.0,0.0,
Sweden,2020-07-27,71.0,0.0,
Sweden,2020-07-28,283.0,5.0,
Sweden,2020-07-29,301.0,28.0,
Sweden,2020-07-30,302.0,9.0,
Sweden,2020-07-31,258.0,4.0,
Sweden,2020-08-01,303.0,0.0,
Sweden,2020-08-02,38.0,0.0,
Sweden,2020-08-03,165.0,0.0,
Sweden,2020-08-04,334.0,4.0,
Sweden,2020-08-05,425.0,13.0,
Sweden,2020-08-06,378.0,6.0,
Sweden,2020-08-07,380.0,-3.0,
Sweden,2020-08-08,260.0,0.0,
Sweden,2020-08-09,73.0,0.0,
Sweden,2020-08-10,196.0,0.0,
Sweden,2020-08-11,417.0,7.0,
Sweden,2020-08-12,444.0,4.0,
Sweden,2020-08-13,362.0,2.0,
Sweden,2020-08-14,344.0,7.0,
Sweden,2020-08-15,226.0,0.0,
Sweden,2020-08-16,63.0,0.0,
Sweden,2020-08-17,174.0,0.0,
Sweden,2020-08-18,314.0,7.0,
Sweden,2020-08-19,351.0,12.0,
Sweden,2020-08-20,333.0,3.0,
Sweden,2020-08-21,298.0,5.0,
Sweden,2020-08-22,160.0,0.0,
Sweden,2020-08-23,57.0,0.0,
Sweden,2020-08-24,182.0,0.0,
Sweden,2020-08-25,225.0,4.0,
Sweden,2020-08-26,246.0,3.0,
Sweden,2020-08-27,134.0,3.0,
Sweden,2020-08-28,0.0,1.0,
Sweden,2020-08-29,0.0,0.0,
Sweden,2020-08-30,0.0,0.0,
Sweden,2020-08-31,421.0,0.0,
Sweden,2020-09-01,142.0,-8.0,
Sweden,2020-09-02,11.0,7.0,
Sweden,2020-09-03,197.0,12.0,
Sweden,2020-09-04,256.0,3.0,
Sweden,2020-09-05,0.0,0.0,
Sweden,2020-09-06,0.0,0.0,
Sweden,2020-09-07,573.0,0.0,
Sweden,2020-09-08,149.0,3.0,
Sweden,2020-09-09,173.0,4.0,
Sweden,2020-09-10,314.0,1.0,
Sweden,2020-09-11,311.0,3.0,
Sweden,2020-09-12,0.0,0.0,
Sweden,2020-09-13,0.0,0.0,
Sweden,2020-09-14,0.0,0.0,
Sweden,2020-09-15,840.0,0.0,
Sweden,2020-09-16,230.0,14.0,
Sweden,2020-09-17,310.0,4.0,
Sweden,2020-09-18,352.0,1.0,
Sweden,2020-09-19,0.0,0.0,
Sweden,2020-09-20,0.0,0.0,
Sweden,2020-09-21,0.0,0.0,
Sweden,2020-09-22,1199.0,0.0,
Sweden,2020-09-23,320.0,11.0,
Sweden,2020-09-24,533.0,2.0,
Sweden,2020-09-25,634.0,2.0,
Sweden,2020-09-26,0.0,0.0,
Sweden,2020-09-27,0.0,0.0,
Sweden,2020-09-28,0.0,0.0,
Sweden,2020-09-29,1543.0,0.0,
Sweden,2020-09-30,397.0,13.0,
Sweden,2020-10-01,752.0,0.0,
Sweden,2020-10-02,668.0,2.0,
Sweden,2020-10-03,0.0,0.0,
Sweden,2020-10-04,0.0,0.0,
Sweden,2020-10-05,0.0,0.0,
Sweden,2020-10-06,1862.0,0.0,
Sweden,2020-10-07,532.0,-3.0,
Sweden,2020-10-08,855.0,0.0,
Sweden,2020-10-09,919.0,2.0,
Sweden,2020-10-10,0.0,0.0,
Sweden,2020-10-11,0.0,0.0,
Sweden,2020-10-12,0.0,0.0,
Sweden,2020-10-13,2203.0,0.0,
Sweden,2020-10-14,678.0,13.0,
Sweden,2020-10-15,1075.0,3.0,
Sweden,2020-10-16,793.0,8.0,
Sweden,2020-10-17,0.0,0.0,
Sweden,2020-10-18,0.0,0.0,
Sweden,2020-10-19,0.0,0.0,
Sweden,2020-10-20,3180.0,0.0,
Sweden,2020-10-21,975.0,11.0,
Sweden,2020-10-22,1614.0,1.0,
Sweden,2020-10-23,1625.0,3.0,
Sweden,2020-10-24,0.0,0.0,
Sweden,2020-10-25,0.0,0.0,
Sweden,2020-10-26,0.0,0.0,
Sweden,2020-10-27,5191.0,0.0,
Sweden,2020-10-28,2128.0,-6.0,
Sweden,2020-10-29,3254.0,7.0,
Sweden,2020-10-30,3188.0,4.0,
Sweden,2020-10-31,0.0,0.0,
Sweden,2020-11-01,0.0,0.0,
Sweden,2020-11-02,0.0,0.0,
Sweden,2020-11-03,10177.0,0.0,
Sweden,2020-11-04,3198.0,59.0,
Sweden,2020-11-05,4034.0,5.0,
Sweden,2020-11-06,4697.0,20.0,
Sweden,2020-11-07,0.0,0.0,
Sweden,2020-11-08,0.0,0.0,
Sweden,2020-11-09,0.0,0.0,
Sweden,2020-11-10,15779.0,0.0,
Sweden,2020-11-11,4467.0,60.0,
Sweden,2020-11-12,4658.0,40.0,
Sweden,2020-11-13,5990.0,42.0,
Sweden,2020-11-14,0.0,0.0,
Sweden,2020-11-15,0.0,0.0,
Sweden,2020-11-16,0.0,0.0,
Sweden,2020-11-17,15084.0,0.0,
Sweden,2020-11-18,4007.0,157.0,
Sweden,2020-11-19,4609.0,19.0,
Sweden,2020-11-20,7240.0,66.0,
Sweden,2020-11-21,0.0,0.0,
Sweden,2020-11-22,0.0,0.0,
Sweden,2020-11-23,0.0,0.0,
Sweden,2020-11-24,17265.0,0.0,
Sweden,2020-11-25,4954.0,149.0,
Sweden,2020-11-26,5841.0,67.0,
Sweden,2020-11-27,6774.0,59.0,
Sweden,2020-11-28,0.0,0.0,
Sweden,2020-11-29,0.0,0.0,
Sweden,2020-11-30,0.0,0.0,
Sweden,2020-12-01,17629.0,0.0,
Sweden,2020-12-02,5400.0,291.0,
Sweden,2020-12-03,6485.0,35.0,
Sweden,2020-12-04,6269.0,60.0,
Sweden,2020-12-05,0.0,0.0,
Sweden,2020-12-06,0.0,0.0,
Sweden,2020-12-07,0.0,0.0,
Sweden,2020-12-08,18820.0,0.0,
Sweden,2020-12-09,7061.0,229.0,
Sweden,2020-12-10,7935.0,58.0,
Sweden,2020-12-11,7370.0,160.0,
Sweden,2020-12-12,0.0,0.0,
Sweden,2020-12-13,0.0,0.0,
Sweden,2020-12-14,0.0,0.0,
Sweden,2020-12-15,20931.0,0.0,
Sweden,2020-12-16,7556.0,288.0,
Sweden,2020-12-17,8881.0,91.0,
Sweden,2020-12-18,9654.0,100.0,
Sweden,2020-12-19,0.0,0.0,
Sweden,2020-12-20,0.0,0.0,
Sweden,2020-12-21,0.0,0.0,
Sweden,2020-12-22,22319.0,0.0,
Sweden,2020-12-23,6609.0,286.0,
Sweden,2020-12-24,0.0,0.0,
Sweden,2020-12-25,0.0,0.0,
Sweden,2020-12-26,0.0,0.0,
Sweden,2020-12-27,0.0,0.0,
Sweden,2020-12-28,0.0,0.0,
Sweden,2020-12-29,32485.0,0.0,
Sweden,2020-12-30,8846.0,448.0,
Sweden,2020-12-31,0.0,0.0,
Sweden,2021-01-01,0.0,0.0,
Sweden,2021-01-02,0.0,0.0,
Sweden,2021-01-03,0.0,0.0,
Sweden,2021-01-04,0.0,0.0,
Sweden,2021-01-05,32369.0,238.0,
Sweden,2021-01-06,0.0,0.0,
Sweden,2021-01-07,12536.0,297.0,
Sweden,2021-01-08,7187.0,171.0,
Sweden,2021-01-09,0.0,0.0,
Sweden,2021-01-10,0.0,0.0,
Sweden,2021-01-11,0.0,0.0,
Sweden,2021-01-12,17395.0,0.0,
Sweden,2021-01-13,5337.0,401.0,
Sweden,2021-01-14,6580.0,351.0,
Sweden,2021-01-15,4703.0,138.0,
Sweden,2021-01-16,0.0,0.0,
Sweden,2021-01-17,0.0,0.0,0.01
Sweden,2021-01-18,0.0,0.0,
Sweden,2021-01-19,9779.0,0.0,
Sweden,2021-01-20,4702.0,474.0,
Sweden,2021-01-21,4985.0,124.0,
Sweden,2021-01-22,4214.0,84.0,
Sweden,2021-01-23,0.0,0.0,
Sweden,2021-01-24,0.0,0.0,0.12
Sweden,2021-01-25,0.0,0.0,
Sweden,2021-01-26,9123.0,242.0,
Sweden,2021-01-27,4183.0,178.0,
Sweden,2021-01-28,4085.0,95.0,
Sweden,2021-01-29,2400.0,71.0,
Sweden,2021-01-30,0.0,0.0,
Sweden,2021-01-31,0.0,0.0,0.38
Sweden,2021-02-01,0.0,0.0,
Sweden,2021-02-02,9649.0,224.0,
Sweden,2021-02-03,4310.0,124.0,
Sweden,2021-02-04,3758.0,89.0,
Sweden,2021-02-05,3388.0,87.0,
Sweden,2021-02-06,0.0,0.0,
Sweden,2021-02-07,0.0,0.0,0.94
Sweden,2021-02-08,0.0,0.0,
Sweden,2021-02-09,8112.0,73.0,
Sweden,2021-02-10,4070.0,138.0,
Sweden,2021-02-11,4333.0,44.0,
Sweden,2021-02-12,3834.0,58.0,
Sweden,2021-02-13,0.0,0.0,
Sweden,2021-02-14,0.0,0.0,1.64
Sweden,2021-02-15,0.0,0.0,
Sweden,2021-02-16,9458.0,59.0,
Sweden,2021-02-17,4233.0,82.0,
Sweden,2021-02-18,4920.0,29.0,
Sweden,2021-02-19,4144.0,51.0,
Sweden,2021-02-20,0.0,0.0,
Sweden,2021-02-21,0.0,0.0,2.48
Sweden,2021-02-22,0.0,0.0,
Sweden,2021-02-23,10933.0,64.0,
Sweden,2021-02-24,5371.0,80.0,
Sweden,2021-02-25,4995.0,5.0,
Sweden,2021-02-26,4844.0,28.0,
Sweden,2021-02-27,0.0,0.0,
Sweden,2021-02-28,0.0,0.0,3.02
Sweden,2021-03-01,0.0,0.0,
Sweden,2021-03-02,11804.0,56.0,
Sweden,2021-03-03,6179.0,82.0,
Sweden,2021-03-04,4838.0,13.0,
Sweden,2021-03-05,4831.0,26.0,
Sweden,2021-03-06,0.0,0.0,
Sweden,2021-03-07,0.0,0.0,3.39
Sweden,2021-03-08,0.0,0.0,
Sweden,2021-03-09,11014.0,39.0,
Sweden,2021-03-10,5917.0,46.0,
Sweden,2021-03-11,5300.0,23.0,
Sweden,2021-03-12,5335.0,35.0,
Sweden,2021-03-13,0.0,0.0,
Sweden,2021-03-14,0.0,0.0,3.78
Sweden,2021-03-15,0.0,0.0,
Sweden,2021-03-16,12762.0,26.0,
Sweden,2021-03-17,6781.0,56.0,
Sweden,2021-03-18,6467.0,8.0,
Sweden,2021-03-19,5735.0,26.0,
Sweden,2021-03-20,0.0,0.0,
Sweden,2021-03-21,0.0,0.0,4.33
Sweden,2021-03-22,0.0,0.0,
Sweden,2021-03-23,14063.0,53.0,
Sweden,2021-03-24,7649.0,42.0,
Sweden,2021-03-25,7706.0,16.0,
Sweden,2021-03-26,6328.0,29.0,
Sweden,2021-03-27,0.0,0.0,
Sweden,2021-03-28,0.0,0.0,5.02
Sweden,2021-03-29,0.0,0.0,
Sweden,2021-03-30,16427.0,28.0,
Sweden,2021-03-31,8441.0,35.0,
Sweden,2021-04-01,8305.0,33.0,
Sweden,2021-04-02,0.0,0.0,
Sweden,2021-04-03,0.0,0.0,
Sweden,2021-04-04,0.0,0.0,5.69
Sweden,2021-04-05,0.0,0.0,
Sweden,2021-04-06,21802.0,35.0,
Sweden,2021-04-07,6814.0,45.0,
Sweden,2021-04-08,7822.0,17.0,
Sweden,2021-04-09,7772.0,26.0,
Sweden,2021-04-10,0.0,0.0,
Sweden,2021-04-11,0.0,0.0,6.62
Sweden,2021-04-12,0.0,0.0,
Sweden,2021-04-13,19105.0,39.0,
Sweden,2021-04-14,8879.0,60.0,
Sweden,2021-04-15,7095.0,41.0,
Sweden,2021-04-16,7658.0,27.0,
Sweden,2021-04-17,0.0,0.0,
Sweden,2021-04-18,0.0,0.0,7.28
Sweden,2021-04-19,0.0,0.0,
Sweden,2021-04-20,16692.0,37.0,
Sweden,2021-04-21,7510.0,38.0,
Sweden,2021-04-22,7736.0,19.0,
Sweden,2021-04-23,6267.0,41.0,
Sweden,2021-04-24,0.0,0.0,
Sweden,2021-04-25,0.0,0.0,7.66
Sweden,2021-04-26,0.0,0.0,
Sweden,2021-04-27,14911.0,45.0,
Sweden,2021-04-28,7266.0,32.0,
Sweden,2021-04-29,7158.0,2.0,
Sweden,2021-04-30,5926.0,46.0,
Sweden,2021-05-01,0.0,0.0,
Sweden,2021-05-02,0.0,0.0,7.94
Sweden,2021-05-03,0.0,0.0,
Sweden,2021-05-04,14950.0,43.0,
Sweden,2021-05-05,7041.0,60.0,
Sweden,2021-05-06,6526.0,7.0,
Sweden,2021-05-07,5671.0,15.0,
Sweden,2021-05-08,0.0,0.0,
Sweden,2021-05-09,0.0,0.0,9.08
Sweden,2021-05-10,0.0,0.0,
Sweden,2021-05-11,13812.0,44.0,
Sweden,2021-05-12,6330.0,50.0,
Sweden,2021-05-13,0.0,0.0,
Sweden,2021-05-14,9192.0,8.0,
Sweden,2021-05-15,0.0,0.0,
Sweden,2021-05-16,0.0,0.0,10.54
Sweden,2021-05-17,0.0,0.0,
Sweden,2021-05-18,10017.0,26.0,
Sweden,2021-05-19,4619.0,48.0,
Sweden,2021-05-20,3411.0,2.0,
Sweden,2021-05-21,3168.0,15.0,
Sweden,2021-05-22,0.0,0.0,
Sweden,2021-05-23,0.0,0.0,12.56
Sweden,2021-05-24,0.0,0.0,
Sweden,2021-05-25,6034.0,30.0,
Sweden,2021-05-26,2732.0,40.0,
Sweden,2021-05-27,1366.0,15.0,
Sweden,2021-05-28,0.0,0.0,
Sweden,2021-05-29,0.0,0.0,
Sweden,2021-05-30,0.0,0.0,15.41
Sweden,2021-05-31,0.0,0.0,
Sweden,2021-06-01,0.0,0.0,
Sweden,2021-06-02,0.0,0.0,
Sweden,2021-06-03,8520.0,61.0,
Sweden,2021-06-04,1069.0,11.0,
Sweden,2021-06-05,0.0,0.0,
Sweden,2021-06-06,0.0,0.0,19.03
Sweden,2021-06-07,0.0,0.0,
Sweden,2021-06-08,2671.0,23.0,
Sweden,2021-06-09,1165.0,16.0,
Sweden,2021-06-10,831.0,3.0,
Sweden,2021-06-11,727.0,9.0,
Sweden,2021-06-12,0.0,0.0,
Sweden,2021-06-13,0.0,0.0,23.09
Sweden,2021-06-14,0.0,0.0,
Sweden,2021-06-15,1180.0,0.0,
Sweden,2021-06-16,0.0,0.0,
Sweden,2021-06-17,0.0,0.0,
Sweden,2021-06-18,0.0,0.0,
Sweden,2021-06-19,0.0,0.0,
Sweden,2021-06-20,0.0,0.0,27.71
Sweden,2021-06-21,0.0,0.0,
Sweden,2021-06-22,3378.0,34.0,
Sweden,2021-06-23,504.0,8.0,
Sweden,2021-06-24,378.0,3.0,
Sweden,2021-06-25,0.0,0.0,
Sweden,2021-06-26,0.0,0.0,
Sweden,2021-06-27,0.0,0.0,31.15
Sweden,2021-06-28,0.0,0.0,
Sweden,2021-06-29,847.0,7.0,
Sweden,2021-06-30,247.0,3.0,
Sweden,2021-07-01,563.0,1.0,
Sweden,2021-07-02,327.0,1.0,
Sweden,2021-07-03,0.0,0.0,
Sweden,2021-07-04,0.0,0.0,34.32
Sweden,2021-07-05,0.0,0.0,
Sweden,2021-07-06,850.0,2.0,
Sweden,2021-07-07,353.0,6.0,
Sweden,2021-07-08,225.0,3.0,
Sweden,2021-07-09,232.0,1.0,
Sweden,2021-07-10,0.0,0.0,
Sweden,2021-07-11,0.0,0.0,36.39
Sweden,2021-07-12,0.0,0.0,
Sweden,2021-07-13,669.0,2.0,
Sweden,2021-07-14,367.0,-3.0,
Sweden,2021-07-15,347.0,1.0,
Sweden,2021-07-16,364.0,3.0,
Sweden,2021-07-17,0.0,0.0,
Sweden,2021-07-18,0.0,0.0,37.96
Sweden,2021-07-19,0.0,0.0,
Sweden,2021-07-20,992.0,4.0,
Sweden,2021-07-21,479.0,1.0,
Sweden,2021-07-22,583.0,0.0,
Sweden,2021-07-23,458.0,0.0,
Sweden,2021-07-24,0.0,0.0,
Sweden,2021-07-25,0.0,0.0,39.98
Sweden,2021-07-26,0.0,0.0,
Sweden,2021-07-27,1355.0,4.0,
Sweden,2021-07-28,641.0,0.0,
Sweden,2021-07-29,619.0,1.0,
Sweden,2021-07-30,626.0,-1.0,
Sweden,2021-07-31,0.0,0.0,
Sweden,2021-08-01,0.0,0.0,42.53
Sweden,2021-08-02,0.0,0.0,
Sweden,2021-08-03,1860.0,2.0,
Sweden,2021-08-04,929.0,0.0,
Sweden,2021-08-05,864.0,0.0,
Sweden,2021-08-06,845.0,0.0,
Sweden,2021-08-07,0.0,0.0,
Sweden,2021-08-08,0.0,0.0,45.44
Sweden,2021-08-09,0.0,0.0,
Sweden,2021-08-10,2283.0,1.0,
Sweden,2021-08-11,1236.0,0.0,
Sweden,2021-08-12,1055.0,0.0,
Sweden,2021-08-13,1035.0,0.0,
Sweden,2021-08-14,0.0,0.0,
Sweden,2021-08-15,0.0,0.0,48.75
Sweden,2021-08-16,0.0,0.0,
Sweden,2021-08-17,2811.0,1.0,
Sweden,2021-08-18,1320.0,3.0,
Sweden,2021-08-19,1288.0,2.0,
Sweden,2021-08-20,1018.0,4.0,
Sweden,2021-08-21,0.0,0.0,
Sweden,2021-08-22,0.0,0.0,52.82
Sweden,2021-08-23,0.0,0.0,
Sweden,2021-08-24,2774.0,2.0,
Sweden,2021-08-25,1270.0,4.0,
Sweden,2021-08-26,1511.0,8.0,
Sweden,2021-08-27,1274.0,3.0,
Sweden,2021-08-28,0.0,0.0,
Sweden,2021-08-29,0.0,0.0,56.62
Sweden,2021-08-30,0.0,0.0,
Sweden,2021-08-31,3400.0,7.0,
Sweden,2021-09-01,1104.0,0.0,
Sweden,2021-09-02,1214.0,0.0,
Sweden,2021-09-03,1394.0,0.0,
Sweden,2021-09-04,0.0,0.0,
Sweden,2021-09-05,0.0,0.0,59.55
Sweden,2021-09-06,0.0,0.0,
Sweden,2021-09-07,2924.0,7.0,
Sweden,2021-09-08,1711.0,1.0,
Sweden,2021-09-09,1375.0,2.0,
Sweden,2021-09-10,1482.0,1.0,
Sweden,2021-09-11,0.0,0.0,
Sweden,2021-09-12,0.0,0.0,61.68
Sweden,2021-09-13,0.0,0.0,
Sweden,2021-09-14,3656.0,26.0,
Sweden,2021-09-15,1097.0,11.0,
Sweden,2021-09-16,1203.0,13.0,
Sweden,2021-09-17,1009.0,22.0,
Sweden,2021-09-18,0.0,0.0,
Sweden,2021-09-19,0.0,0.0,63.41
Sweden,2021-09-20,0.0,0.0,
Sweden,2021-09-21,1986.0,15.0,
Sweden,2021-09-22,911.0,19.0,
Sweden,2021-09-23,762.0,4.0,
Sweden,2021-09-24,766.0,8.0,
Sweden,2021-09-25,0.0,0.0,
Sweden,2021-09-26,0.0,0.0,64.7
Sweden,2021-09-27,0.0,0.0,
Sweden,2021-09-28,1766.0,29.0,
Sweden,2021-09-29,854.0,6.0,
Sweden,2021-09-30,859.0,8.0,
Sweden,2021-10-01,769.0,4.0,
Sweden,2021-10-02,0.0,0.0,
Sweden,2021-10-03,0.0,0.0,65.76
Sweden,2021-10-04,0.0,0.0,
Sweden,2021-10-05,1879.0,8.0,
Sweden,2021-10-06,714.0,13.0,
Sweden,2021-10-07,835.0,15.0,
Sweden,2021-10-08,739.0,1.0,
Sweden,2021-10-09,0.0,0.0,
Sweden,2021-10-10,0.0,0.0,66.51
Sweden,2021-10-11,0.0,0.0,
Sweden,2021-10-12,1738.0,15.0,
Sweden,2021-10-13,905.0,2.0,
Sweden,2021-10-14,799.0,4.0,
Sweden,2021-10-15,669.0,30.0,
Sweden,2021-10-16,0.0,0.0,
Sweden,2021-10-17,0.0,0.0,67.1
Sweden,2021-10-18,0.0,0.0,
Sweden,2021-10-19,1662.0,7.0,
Sweden,2021-10-20,807.0,22.0,
Sweden,2021-10-21,792.0,1.0,
Sweden,2021-10-22,802.0,7.0,
Sweden,2021-10-23,0.0,0.0,
Sweden,2021-10-24,0.0,0.0,67.57
Sweden,2021-10-25,0.0,0.0,
Sweden,2021-10-26,2275.0,9.0,
Sweden,2021-10-27,1259.0,14.0,
Sweden,2021-10-28,892.0,2.0,
Sweden,2021-10-29,1090.0,7.0,
Sweden,2021-10-30,0.0,0.0,
Sweden,2021-10-31,0.0,0.0,68.04
Sweden,2021-11-01,0.0,0.0,
Sweden,2021-11-02,2761.0,15.0,
Sweden,2021-11-03,1152.0,3.0,
Sweden,2021-11-04,844.0,7.0,
Sweden,2021-11-05,825.0,7.0,
Sweden,2021-11-06,0.0,0.0,
Sweden,2021-11-07,0.0,0.0,68.33
Sweden,2021-11-08,0.0,0.0,
Sweden,2021-11-09,2098.0,8.0,
Sweden,2021-11-10,1326.0,11.0,
Sweden,2021-11-11,1014.0,2.0,
Sweden,2021-11-12,939.0,4.0,
Sweden,2021-11-13,0.0,0.0,
Sweden,2021-11-14,0.0,0.0,68.62
Sweden,2021-11-15,0.0,0.0,
Sweden,2021-11-16,2622.0,12.0,
Sweden,2021-11-17,1294.0,13.0,
Sweden,2021-11-18,1220.0,2.0,
Sweden,2021-11-19,1128.0,1.0,
Sweden,2021-11-20,0.0,0.0,
Sweden,2021-11-21,0.0,0.0,68.87
Sweden,2021-11-22,0.0,0.0,
Sweden,2021-11-23,3825.0,16.0,
Sweden,2021-11-24,2076.0,16.0,
Sweden,2021-11-25,2052.0,0.0,
Sweden,2021-11-26,2160.0,3.0,
Sweden,2021-11-27,0.0,0.0,
Sweden,2021-11-28,0.0,0.0,
Sweden,2021-11-29,0.0,0.0,
Sweden,2021-11-30,6011.0,6.0,70.22
Sweden,2021-12-01,2639.0,10.0,70.34
